STATE,ENROLL,NAME,YRDATA,TOTALREV,TFEDREV,TSTREV,TLOCREV,TOTALEXP,TCURINST,TCURSSVC,TCURONON,TCAPOUT
Alabama,9609,AUTAUGA COUNTY SCHOOL DISTRICT,2016,80867,7447,53842,19578,76672,43843,23941,6401,1506
Alabama,30931,BALDWIN COUNTY SCHOOL DISTRICT,2016,338236,23710,145180,169346,299880,164977,97231,19439,9749
Alabama,912,BARBOUR COUNTY SCHOOL DISTRICT,2016,10116,2342,5434,2340,10070,4907,3896,975,110
Alabama,2842,EUFAULA CITY SCHOOL DISTRICT,2016,26182,3558,15900,6724,29843,15302,7901,2274,4133
Alabama,3322,BIBB COUNTY SCHOOL DISTRICT,2016,32486,3664,21846,6976,31662,16407,11087,3122,486
Alabama,7870,BLOUNT COUNTY SCHOOL DISTRICT,2016,69966,6929,48563,14474,68297,37442,22662,5500,2193
Alabama,1477,ONEONTA CITY SCHOOL DISTRICT,2016,13464,992,8541,3931,12726,6999,3758,1541,214
Alabama,1505,BULLOCK COUNTY SCHOOL DISTRICT,2016,14876,3061,9273,2542,14713,6996,6006,1542,31
Alabama,3135,BUTLER COUNTY SCHOOL DISTRICT,2016,32062,6439,18770,6853,31393,16091,10523,2950,471
Alabama,2099,ANNISTON CITY SCHOOL DISTRICT,2016,23776,4344,11810,7622,24320,12649,9344,1890,413
Alabama,9054,CALHOUN COUNTY SCHOOL DISTRICT,2016,86559,8361,54887,23311,93475,45298,31384,7137,8288
Alabama,1544,JACKSONVILLE CITY SCHOOL DISTRICT,2016,14925,1563,8599,4763,22806,8696,4489,1186,8033
Alabama,1247,PIEDMONT CITY SCHOOL DISTRICT,2016,11695,1507,7287,2901,11355,6262,3701,1025,259
Alabama,4171,OXFORD CITY SCHOOL DISTRICT,2016,43617,3494,23131,16992,41504,23367,13221,2624,900
Alabama,3729,CHAMBERS COUNTY SCHOOL DISTRICT,2016,35550,5072,21545,8933,35428,18163,12613,3468,635
Alabama,863,LANETT CITY SCHOOL DISTRICT,2016,9413,1648,5717,2048,9419,5161,3057,918,232
Alabama,4042,CHEROKEE COUNTY SCHOOL DISTRICT,2016,40647,4419,24019,12209,41646,20688,13409,3818,2851
Alabama,7743,CHILTON COUNTY SCHOOL DISTRICT,2016,66020,7864,43959,14197,66004,38489,20119,6525,263
Alabama,1495,CHOCTAW COUNTY SCHOOL DISTRICT,2016,17426,2531,8525,6370,15660,6973,6588,1558,77
Alabama,2717,CLARKE COUNTY SCHOOL DISTRICT,2016,28164,4509,16842,6813,28934,13563,10126,3365,1188
Alabama,1339,THOMASVILLE CITY SCHOOL DISTRICT,2016,13572,1334,8364,3874,15018,7378,4821,1075,1572
Alabama,1978,CLAY COUNTY SCHOOL DISTRICT,2016,18425,2182,12797,3446,17663,10178,5356,1714,98
Alabama,2631,CLEBURNE COUNTY SCHOOL DISTRICT,2016,25205,2707,17402,5096,25478,13510,8079,2382,691
Alabama,2081,COFFEE COUNTY SCHOOL DISTRICT,2016,20354,2611,12825,4918,20509,10653,7209,1483,930
Alabama,615,ELBA CITY SCHOOL DISTRICT,2016,7152,993,4367,1792,7238,3824,2705,642,0
Alabama,6823,ENTERPRISE CITY SCHOOL DISTRICT,2016,61888,6348,38269,17271,65966,31061,22834,4742,6640
Alabama,2638,COLBERT COUNTY SCHOOL DISTRICT,2016,31196,3250,15582,12364,30748,15639,10596,2764,1698
Alabama,1059,SHEFFIELD CITY SCHOOL DISTRICT,2016,13779,2114,7041,4624,13310,7088,4453,1316,406
Alabama,1527,TUSCUMBIA CITY SCHOOL DISTRICT,2016,15100,1307,8686,5107,16985,7551,5172,1345,2639
Alabama,2907,MUSCLE SHOALS CITY SCHOOL DISTRICT,2016,29431,1589,15851,11991,28870,16117,9453,2559,227
Alabama,1525,CONECUH COUNTY SCHOOL DISTRICT,2016,21921,2967,9542,9412,19915,8452,7604,1591,913
Alabama,1003,COOSA COUNTY SCHOOL DISTRICT,2016,10642,1554,5986,3102,10517,5008,4316,927,23
Alabama,1745,ANDALUSIA CITY SCHOOL DISTRICT,2016,18650,2360,9571,6719,15978,9218,5193,1169,93
Alabama,3178,COVINGTON COUNTY SCHOOL DISTRICT,2016,31073,3635,19108,8330,29870,16788,9410,2821,639
Alabama,1357,OPP CITY SCHOOL DISTRICT,2016,13595,1586,8108,3901,13643,6550,4407,1261,384
Alabama,2239,CRENSHAW COUNTY SCHOOL DISTRICT,2016,21294,2690,13343,5261,21222,11890,6681,2233,185
Alabama,3130,CULLMAN CITY SCHOOL DISTRICT,2016,30963,2857,15071,13035,30044,18084,8682,1686,646
Alabama,9573,CULLMAN COUNTY SCHOOL DISTRICT,2016,94578,8181,58949,27448,93836,51127,30410,7248,3899
Alabama,3079,DALE COUNTY SCHOOL DISTRICT,2016,29011,2786,18692,7533,27492,14974,8856,2642,591
Alabama,2131,OZARK CITY SCHOOL DISTRICT,2016,23012,2548,14093,6371,23479,11081,7703,1592,2878
Alabama,1078,DALEVILLE CITY SCHOOL DISTRICT,2016,10999,1804,6770,2425,10652,5549,3844,775,179
Alabama,3243,DALLAS COUNTY SCHOOL DISTRICT,2016,36746,7636,22598,6512,35428,17123,14283,3311,535
Alabama,3798,SELMA CITY SCHOOL DISTRICT,2016,35241,6753,21192,7296,39712,18965,11820,3624,4772
Alabama,9015,DE KALB COUNTY SCHOOL DISTRICT,2016,84601,11216,54725,18660,83676,46696,25174,7467,4015
Alabama,3205,FORT PAYNE CITY SCHOOL DISTRICT,2016,28952,3630,17672,7650,28145,16171,7917,2752,901
Alabama,11232,ELMORE COUNTY SCHOOL DISTRICT,2016,98521,8978,61887,27656,96876,54160,29529,8497,3134
Alabama,1854,TALLASSEE CITY SCHOOL DISTRICT,2016,17726,1549,10823,5354,17696,10020,5301,1458,812
Alabama,1158,BREWTON CITY SCHOOL DISTRICT,2016,11443,1045,6727,3671,26652,6668,3688,718,1363
Alabama,4479,ESCAMBIA COUNTY SCHOOL DISTRICT,2016,45791,5948,27364,12479,48595,24282,16742,3754,2844
Alabama,1638,ATTALLA CITY SCHOOL DISTRICT,2016,16009,1940,10917,3152,17120,8944,4942,1409,1330
Alabama,8802,ETOWAH COUNTY BOARD OF EDUCATION,2016,79322,7905,53478,17939,79601,41327,24934,7264,3918
Alabama,5226,GADSDEN CITY SCHOOL DISTRICT,2016,53345,9295,29199,14851,52913,28638,17624,5800,28
Alabama,2403,FAYETTE COUNTY SCHOOL DISTRICT,2016,22528,2639,14527,5362,21990,11495,7711,2474,199
Alabama,3388,FRANKLIN COUNTY SCHOOL DISTRICT,2016,33368,4304,21231,7833,34380,18295,9935,4841,878
Alabama,2743,RUSSELLVILLE CITY SCHOOLS,2016,26359,3258,16084,7017,27093,14315,7396,2890,1572
Alabama,2742,GENEVA COUNTY SCHOOL DISTRICT,2016,26402,3640,17603,5159,25792,13601,8000,2574,1386
Alabama,1275,GENEVA CITY SCHOOL DISTRICT,2016,13016,1227,8750,3039,11983,6947,3838,873,251
Alabama,1173,GREENE COUNTY SCHOOL DISTRICT,2016,14695,2381,7645,4669,14897,6312,6175,1166,806
Alabama,2687,HALE COUNTY SCHOOL DISTRICT,2016,28497,3778,17349,7370,27221,13575,8519,2268,2232
Alabama,2540,HENRY COUNTY SCHOOL DISTRICT,2016,24166,2573,15381,6212,24025,12264,7611,2012,1114
Alabama,9336,DOTHAN CITY SCHOOL DISTRICT,2016,88129,12655,50399,25075,85409,50875,26855,6786,421
Alabama,6343,HOUSTON COUNTY SCHOOL DISTRICT,2016,55122,6092,33481,15549,55759,31375,17631,4659,1497
Alabama,5528,JACKSON COUNTY SCHOOL DISTRICT,2016,58256,6854,35239,16163,58329,27882,20456,5457,3747
Alabama,2536,SCOTTSBORO CITY SCHOOL DISTRICT,2016,27634,2085,15142,10407,26990,13375,8977,2385,617
Alabama,3740,BESSEMER CITY SCHOOL DISTRICT,2016,41288,7480,21905,11903,42030,20359,14741,4437,1717
Alabama,24693,BIRMINGHAM CITY SCHOOL DISTRICT,2016,273626,43262,125189,105175,272202,141114,96550,22760,8000
Alabama,1782,FAIRFIELD CITY SCHOOL DISTRICT,2016,18479,3282,11172,4025,18371,9314,6757,1877,317
Alabama,36092,JEFFERSON COUNTY BOARD OF EDUCATION,2016,344274,33131,199350,111793,338349,179721,112276,29991,13918
Alabama,1174,TARRANT CITY SCHOOL DISTRICT,2016,12580,2255,6940,3385,12468,5875,4976,1495,59
Alabama,1905,LEEDS CITY SCHOOL DISTRICT,2016,27699,1522,10713,15464,32285,9932,6313,1370,12244
Alabama,4456,TRUSSVILLE CITY SCHOOL DISTRICT,2016,47842,971,23259,23612,65049,23174,16568,3301,20644
Alabama,13910,HOOVER CITY SCHOOL DISTRICT,2016,168040,6088,69229,92723,165436,91812,49945,12558,3277
Alabama,4371,MOUNTAIN BROOK SCHOOLS,2016,61403,793,20122,40488,59779,36546,18241,3708,736
Alabama,4069,HOMEWOOD CITY SCHOOL DISTRICT,2016,52340,2202,17538,32600,47726,27029,15587,3285,533
Alabama,1134,MIDFIELD CITY SCHOOL DISTRICT,2016,11987,2401,6921,2665,12501,5417,4882,1439,726
Alabama,7015,VESTAVIA HILLS CITY SCHOOL DISTRICT,2016,78089,1738,33190,43161,88933,46690,25124,4910,11051
Alabama,2351,LAMAR COUNTY SCHOOL DISTRICT,2016,22275,2637,14731,4907,23060,11085,7289,2415,1882
Alabama,4519,FLORENCE CITY SCHOOL DISTRICT,2016,55334,5078,23387,26869,52958,28756,17920,3212,1538
Alabama,8445,LAUDERDALE COUNTY SCHOOL DISTRICT,2016,76888,6248,48206,22434,76362,44980,22474,6123,2587
Alabama,4841,LAWRENCE COUNTY SCHOOL DISTRICT,2016,51703,5697,31283,14723,53773,25170,15423,4366,7753
Alabama,9771,LEE COUNTY SCHOOL DISTRICT,2016,95695,7077,56426,32192,94539,53270,30303,6881,1957
Alabama,4240,OPELIKA CITY SCHOOLS,2016,47847,4849,22979,20019,47136,26558,14349,3906,1855
Alabama,8310,AUBURN CITY SCHOOL DISTRICT,2016,134959,4440,41613,88906,131695,44694,26933,5129,49074
Alabama,3933,ATHENS CITY SCHOOL DISTRICT,2016,40524,2990,19155,18379,40785,21893,13162,3185,1494
Alabama,8789,LIMESTONE COUNTY SCHOOL DISTRICT,2016,88553,6940,53070,28543,106503,51088,29551,6743,16046
Alabama,1562,LOWNDES COUNTY SCHOOL DISTRICT,2016,21642,6200,10961,4481,21098,9799,8197,2147,587
Alabama,2134,MACON COUNTY SCHOOL DISTRICT,2016,23758,4356,14019,5383,26578,10991,10974,2191,1032
Alabama,23827,HUNTSVILLE CITY SCHOOL DISTRICT,2016,267800,27807,113117,126876,410031,139078,103055,16503,130238
Alabama,19452,MADISON COUNTY SCHOOL DISTRICT,2016,187046,12291,111079,63676,185652,97465,56852,15315,7462
Alabama,10011,MADISON CITY SCHOOL DISTRICT,2016,105927,5007,56050,44870,101154,55316,33444,5715,2393
Alabama,2289,DEMOPOLIS CITY SCHOOL DISTRICT,2016,19779,2120,12518,5141,19572,11510,5622,1970,354
Alabama,1090,MARENGO COUNTY SCHOOL DISTRICT,2016,11585,1540,7058,2987,11678,5775,4702,939,83
Alabama,518,LINDEN CITY SCHOOL DISTRICT,2016,5672,863,3617,1192,5448,2772,2151,498,0
Alabama,3405,MARION COUNTY SCHOOL DISTRICT,2016,31887,3573,20888,7426,31060,18013,9605,2765,582
Alabama,1266,WINFIELD CITY SCHOOL DISTRICT,2016,12965,1269,7723,3973,13028,7128,3653,1451,652
Alabama,5635,MARSHALL COUNTY SCHOOL DISTRICT,2016,56422,7747,35295,13380,64739,27425,20913,5789,10116
Alabama,2310,BOAZ CITY SCHOOL DISTRICT,2016,22813,2457,13373,6983,22413,11710,7949,2214,65
Alabama,5214,ALBERTVILLE CITY SCHOOL DISTRICT,2016,49795,7277,28885,13633,46778,24173,15092,4435,1212
Alabama,2540,ARAB CITY SCHOOL DISTRICT,2016,23606,1544,15096,6966,26202,14569,7328,1851,2325
Alabama,1999,GUNTERSVILLE CITY SCHOOL DISTRICT,2016,20195,1878,10821,7496,19412,10566,6435,2195,60
Alabama,57581,MOBILE COUNTY SCHOOL DISTRICT,2016,564939,78217,310545,176177,606882,276941,203328,45405,65087
Alabama,2953,SARALAND CITY SCHOOLS,2016,28801,2047,15459,11295,37818,12692,9673,1855,10172
Alabama,1032,CHICKASAW CITY SCHOOLS,2016,9219,1619,5489,2111,9386,5084,3210,1003,44
Alabama,1308,SATSUMA CITY SCHOOL DISTRICT,2016,13229,1148,7742,4339,18106,6429,5737,677,5057
Alabama,3600,MONROE COUNTY SCHOOL DISTRICT,2016,33410,5253,20650,7507,33507,18834,11269,2607,694
Alabama,30667,MONTGOMERY COUNTY SCHOOL DISTRICT,2016,301121,42712,169038,89371,296474,154168,94679,24279,20895
Alabama,1125,PIKE ROAD SCHOOL DISTRICT,2016,9473,326,5276,3871,8943,5058,2898,639,130
Alabama,8693,DECATUR CITY SCHOOL DISTRICT,2016,99476,9576,45791,44109,109323,54843,26332,6660,16323
Alabama,7757,MORGAN COUNTY SCHOOL DISTRICT,2016,78919,6537,41600,30782,81220,40529,26593,6816,5346
Alabama,3068,HARTSELLE CITY SCHOOL DISTRICT,2016,30401,1588,17791,11022,29601,16948,9263,2245,388
Alabama,1525,PERRY COUNTY SCHOOL DISTRICT,2016,16271,3616,10175,2480,15450,8277,4975,1959,36
Alabama,2633,PICKENS COUNTY SCHOOL DISTRICT,2016,26826,3541,17386,5899,27921,13906,9343,2389,2152
Alabama,2189,PIKE COUNTY SCHOOL DISTRICT,2016,23840,3437,13858,6545,23530,11749,9201,2001,126
Alabama,1981,TROY CITY SCHOOL DISTRICT,2016,20582,2097,10239,8246,19199,11194,5491,1475,41
Alabama,2228,RANDOLPH COUNTY SCHOOL DISTRICT,2016,21531,2475,13280,5776,23702,11997,7546,1657,2300
Alabama,1542,ROANOKE CITY SCHOOL DISTRICT,2016,13567,1714,8577,3276,13381,7876,3930,1297,132
Alabama,7043,PHENIX CITY SCHOOL DISTRICT,2016,66280,7735,40838,17707,68862,34974,20942,5284,5578
Alabama,3598,RUSSELL COUNTY SCHOOL DISTRICT,2016,33852,4285,21466,8101,32367,16919,11069,3391,346
Alabama,9056,ST CLAIR COUNTY SCHOOL DISTRICT,2016,80428,8311,51603,20514,80152,43171,24236,8609,2638
Alabama,4023,PELL CITY SCHOOL DISTRICT,2016,37455,3535,23100,10820,36396,20246,11407,2881,1119
Alabama,20064,SHELBY COUNTY SCHOOL DISTRICT,2016,207108,11491,107556,88061,204630,106520,68978,15178,5050
Alabama,1593,SUMTER COUNTY SCHOOL DISTRICT,2016,19254,3747,11192,4315,19797,8985,7914,1961,131
Alabama,2256,SYLACAUGA CITY SCHOOL DISTRICT,2016,22318,2431,13419,6468,30634,12827,7663,1676,8363
Alabama,2051,TALLADEGA CITY SCHOOL DISTRICT,2016,21934,2863,13355,5716,22472,11575,7984,1879,1006
Alabama,7777,TALLADEGA COUNTY SCHOOL DISTRICT,2016,77788,8297,43662,25829,76784,35942,29424,6521,3104
Alabama,2894,TALLAPOOSA COUNTY SCHOOL DISTRICT,2016,29725,3597,14928,11200,26794,14360,8907,2648,316
Alabama,3102,ALEXANDER CITY SCHOOL DISTRICT,2016,32454,3717,17018,11719,29642,17613,8768,2309,628
Alabama,10418,TUSCALOOSA CITY SCHOOL DISTRICT,2016,126506,16560,51035,58911,125943,57345,45959,9692,11962
Alabama,18352,TUSCALOOSA COUNTY SCHOOL DISTRICT,2016,180014,15123,102089,62802,172552,86904,54912,16059,13514
Alabama,2746,JASPER CITY SCHOOL DISTRICT,2016,27747,2406,14860,10481,29622,15932,7966,2159,3478
Alabama,7827,WALKER COUNTY SCHOOL DISTRICT,2016,77323,10228,44847,22248,76823,41223,26370,5437,2313
Alabama,2936,WASHINGTON COUNTY SCHOOL DISTRICT,2016,28275,3865,16255,8155,28507,15665,8544,3141,982
Alabama,1795,WILCOX COUNTY SCHOOL DISTRICT,2016,19633,3718,11702,4213,19943,9266,7230,1862,733
Alabama,2449,WINSTON COUNTY SCHOOL DISTRICT,2016,26086,2743,15593,7750,25019,12329,9720,2477,105
Alabama,1711,HALEYVILLE CITY SCHOOL DISTRICT,2016,16709,1828,9904,4977,16158,9067,4939,1591,150
Alaska,426,MOUNT EDGECUMBE HIGH SCHOOL AGENCY,2016,12154,3725,8420,9,12112,5632,5222,342,916
Alaska,378,ALASKA GATEWAY REGIONAL EDUCATIONAL ATTENDANCE AREA (REAA),2016,11433,2284,9048,101,12381,5543,6011,639,188
Alaska,35,ALEUTIAN REGION SCHOOL DISTRICT,2016,1493,115,1321,57,1804,679,1089,36,0
Alaska,410,KUSPUK REGIONAL EDUCATIONAL ATTENDANCE AREA (REAA),2016,14354,6430,7150,774,14494,6003,7382,616,493
Alaska,461,YUPIIT SCHOOLS,2016,12348,4347,7167,834,15309,6381,7036,1443,449
Alaska,591,SOUTHWEST REGION SCHOOLS,2016,26198,10689,14962,547,24097,6999,11575,1329,4194
Alaska,184,SOUTHEAST ISLANDS REGIONAL EDUCATIONAL ATTENDANCE AREA (REAA),2016,7820,822,6665,333,9334,3599,4892,274,569
Alaska,1895,BERING STRAIT REGIONAL EDUCATIONAL ATTENDANCE AREA (REAA),2016,48238,10451,34684,3103,66782,35512,23775,3032,4463
Alaska,172,CHATHAM REGIONAL EDUCATIONAL ATTENDANCE AREA (REAA),2016,5067,814,4140,113,5074,2299,2347,186,242
Alaska,4293,LOWER KUSKOKWIM REGIONAL EDUCATIONAL ATTENDANCE AREA (REAA),2016,146279,17720,108126,20433,172073,55175,70486,6649,39763
Alaska,777,DELTA-GREELY REGIONAL EDUCATIONAL ATTENDANCE AREA (REAA),2016,13494,1460,11811,223,13117,7251,5471,390,5
Alaska,363,CHUGACH REGIONAL EDUCATIONAL ATTENDANCE AREA (REAA),2016,6357,1672,3615,1070,6729,4512,1946,51,220
Alaska,426,COPPER RIVER REGIONAL EDUCATIONAL ATTENDANCE AREA (REAA),2016,8679,1013,7458,208,8392,4307,3723,158,204
Alaska,2030,LOWER YUKON REGIONAL EDUCATIONAL ATTENDANCE AREA (REAA),2016,61350,24947,35250,1153,61506,27326,24497,5057,4626
Alaska,333,KASHUNAMIUT SCHOOL DISTRICT,2016,7874,3044,4342,488,10008,4191,4765,1041,11
Alaska,310,IDITAROD REGIONAL EDUCATIONAL ATTENDANCE AREA (REAA),2016,7451,878,6365,208,7753,2967,4188,291,307
Alaska,261,YUKON FLATS REGIONAL EDUCATIONAL ATTENDANCE AREA (REAA),2016,9650,1889,7636,125,10549,3928,6181,362,78
Alaska,1591,YUKON-KOYUKUK REGIONAL EDUCATIONAL ATTENDANCE AREA (REAA),2016,23948,4476,19000,472,24538,11212,8526,722,4078
Alaska,337,ANNETTE ISLAND REGIONAL EDUCATIONAL ATTENDANCE AREA (REAA),2016,10463,6840,3444,179,8529,4839,2757,464,469
Alaska,82,PRIBILOF ISLANDS REGIONAL EDUCATIONAL ATTENDANCE AREA (REAA),2016,3206,1053,1718,435,3011,1323,1398,280,10
Alaska,132,BRISTOL BAY BOROUGH SCHOOL DISTRICT,2016,3986,359,2037,1590,4292,1823,2309,138,22
Alaska,13901,FAIRBANKS N STAR BOROUGH SCHOOL DISTRICT,2016,249155,32095,156833,60227,233935,127275,96591,5470,1615
Alaska,281,HAINES BOROUGH SCHOOL DISTRICT,2016,6698,437,4377,1884,6644,3512,2208,358,111
Alaska,8992,KENAI PENINSULA BOROUGH SCHOOL DISTRICT,2016,161721,9426,102241,50054,163029,91667,62415,4257,2937
Alaska,2340,KETCHIKAN-GATEWAY BOROUGH SCHOOL DISTRICT,2016,42426,2348,30715,9363,40414,23434,14691,1006,488
Alaska,2173,NORTHWEST ARCTIC BOROUGH SCHOOLS,2016,74025,16249,47196,10580,75554,29085,33997,4614,6827
Alaska,2434,KODIAK ISLAND BOROUGH SCHOOL DISTRICT,2016,53750,5515,37013,11222,57229,26882,25085,1382,511
Alaska,18742,MATANUSKA SUSITNA BOROUGH SCHOOL DISTRICT,2016,303215,18467,222607,62141,358757,150590,119298,6816,72443
Alaska,2047,NORTH SLOPE BOROUGH SCHOOLS,2016,74050,10285,22844,40921,77190,29351,39990,6677,1172
Alaska,459,PETERSBURG CITY SCHOOL DISTRICT,2016,10479,587,7899,1993,10277,5224,3622,307,764
Alaska,240,ALEUTIANS EAST BOROUGH SCHOOL DISTRICT,2016,9290,2396,5749,1145,9399,4224,4320,352,127
Alaska,341,LAKE AND PENINSULA BOROUGH SCHOOLS,2016,19780,2087,12193,5500,20312,6824,8142,671,3682
Alaska,872,DENALI BOROUGH SCHOOL DISTRICT,2016,10246,243,7634,2369,9707,5043,4625,2,37
Alaska,85,YAKUTAT SCHOOL DISTRICT,2016,2347,307,1399,641,2381,1345,1028,4,4
Alaska,108,SKAGWAY SCHOOL DISTRICT,2016,3088,41,1154,1893,2911,1658,1034,128,91
Alaska,378,UNALASKA CITY SCHOOL DISTRICT,2016,10244,338,5500,4406,9875,5366,3004,1401,49
Alaska,48324,ANCHORAGE SCHOOL DISTRICT,2016,758779,78331,463256,217192,800058,411183,263280,21744,90609
Alaska,455,DILLINGHAM CITY SCHOOL DISTRICT,2016,12098,1802,8227,2069,12761,6382,5090,914,0
Alaska,4851,JUNEAU BOROUGH SCHOOL DISTRICT,2016,93302,4622,60304,28376,84571,46873,31008,3569,379
Alaska,715,NOME CITY SCHOOL DISTRICT,2016,16027,1332,11504,3191,16978,7246,8656,765,254
Alaska,523,CRAIG CITY SCHOOL DISTRICT,2016,7797,1857,5144,796,8334,3809,4089,361,75
Alaska,88,HYDABURG CITY SCHOOL DISTRICT,2016,2757,460,1927,370,2971,1463,1177,184,147
Alaska,116,KLAWOCK CITY SCHOOL DISTRICT,2016,4145,1148,2689,308,3849,2252,1418,134,45
Alaska,1334,SITKA BOROUGH SCHOOLS,2016,28895,2553,18239,8103,26960,16199,7421,1708,832
Alaska,116,HOONAH CITY SCHOOL DISTRICT,2016,4166,919,2588,659,4375,2381,1709,201,78
Alaska,14,PELICAN CITY SCHOOL DISTRICT,2016,583,27,530,26,547,169,332,6,40
Alaska,368,CORDOVA CITY SCHOOL DISTRICT,2016,8039,519,5522,1998,6649,3551,2500,434,75
Alaska,642,VALDEZ CITY SCHOOL DISTRICT,2016,19370,583,7807,10980,18570,9115,5645,1519,562
Alaska,213,ST MARYS SCHOOL DISTRICT,2016,10661,1222,9149,290,11557,2630,2356,418,6153
Alaska,108,KAKE CITY SCHOOL DISTRICT,2016,3776,1342,2241,193,3679,1673,1751,219,36
Alaska,4329,GALENA CITY SCHOOL DISTRICT,2016,32928,1895,29706,1327,32884,14533,13043,2121,3187
Alaska,1090,NENANA CITY SCHOOL DISTRICT,2016,11030,1284,9574,172,11138,5631,5020,248,239
Alaska,37,TANANA CITY SCHOOL DISTRICT,2016,1583,149,1302,132,1775,646,1079,0,50
Alaska,274,WRANGELL CITY SCHOOL DISTRICT,2016,6399,1426,4253,720,5860,3021,2677,46,115
Arizona,992,FORT HUACHUCA ACCOMMODATION SCHOOL,2016,14019,7699,5720,600,9946,4997,4286,348,315
Arizona,120,COCONINO COUNTY REGIONAL ACCOMODATION DISTRICT,2016,2796,491,1771,534,2077,756,1100,8,213
Arizona,80,GILA COUNTY REGIONAL SCHOOL DISTRICT,2016,674,225,304,145,342,191,151,0,0
Arizona,0,GRAHAM COUNTY SPECIAL SERVICES,2016,1446,553,32,861,1436,534,899,0,3
Arizona,581,MARICOPA COUNTY REGIONAL SCHOOL DISTRICT,2016,3584,485,2677,422,4022,1678,2036,0,308
Arizona,12,RAINBOW ACCOMMODATION SCHOOL,2016,145,7,130,8,320,147,173,0,0
Arizona,45,PIMA ACCOMMODATION DISTRICT,2016,852,335,461,56,946,471,475,0,0
Arizona,193,MARY C OBRIEN ACCOMMODATION DISTRICT,2016,5075,312,1768,2995,4726,2132,2387,190,17
Arizona,63,YAVAPAI ACCOMMODATION SCHOOL DISTRICT,2016,1165,60,687,418,985,428,557,0,0
Arizona,73,ALPINE SCHOOL DISTRICT 7,2016,1093,208,450,435,990,654,336,0,0
Arizona,3498,CHINLE UNIFIED SCHOOL DISTRICT 24,2016,56455,32310,20248,3897,48856,22441,19842,2396,4177
Arizona,227,CONCHO SCHOOL DISTRICT 6,2016,3457,308,1584,1565,3279,1674,1438,131,36
Arizona,1434,GANADO UNIFIED SCHOOL DISTRICT 20,2016,24182,13432,8403,2347,25080,8220,10122,985,5610
Arizona,155,MCNARY SCHOOL DISTRICT 23,2016,2370,1303,929,138,2031,1203,668,160,0
Arizona,761,SANDERS UNIFIED SCHOOL DISTRICT 18,2016,11997,6689,4696,612,11840,4812,6300,551,177
Arizona,783,ST JOHNS UNIFIED SCHOOL DISTRICT 1,2016,8286,1186,586,6514,7452,3532,3505,321,94
Arizona,1295,ROUND VALLEY UNIFIED SCHOOL DISRICT 10,2016,10775,1065,827,8883,11268,5430,4831,345,410
Arizona,1932,WINDOW ROCK CONSOLIDATED SCHOOL DISTRICT 8,2016,25675,14702,9310,1663,22369,9913,10320,1223,0
Arizona,637,RED MESA UNIFIED SCHOOL DISTRICT 27,2016,12188,6679,4871,638,14370,3827,6328,410,3805
Arizona,146,VERNON ELEMENTARY SCHOOL DISTRICT 9,2016,1692,345,675,672,1900,899,899,45,57
Arizona,10,APACHE SCHOOL DISTRICT 42,2016,226,27,81,118,209,106,103,0,0
Arizona,22,ASH CREEK SCHOOL DISTRICT 53,2016,846,110,113,623,836,187,358,21,270
Arizona,617,BISBEE UNIFIED SCHOOL DISTRICT 2,2016,7939,990,2914,4035,6996,3452,3108,315,121
Arizona,48,BOWIE SCHOOL DISTRICT 14,2016,1410,131,76,1203,1353,608,602,55,88
Arizona,5694,SIERRA VISTA UNIFIED SCHOOL DISTRICT 68,2016,43704,4679,19476,19549,40828,22048,16223,2033,510
Arizona,85,COCHISE SCHOOL DISTRICT 26,2016,2724,39,56,2629,1466,760,502,55,149
Arizona,56,DOUBLE ADOBE SCHOOL DISTRICT 45,2016,861,20,600,241,735,511,195,0,20
Arizona,3776,DOUGLAS SCHOOL DISTRICT 27,2016,32817,6738,18496,7583,27535,13795,11559,1767,322
Arizona,111,ELFRIDA SCHOOL DISTRICT 12,2016,1368,133,768,467,1237,647,491,92,7
Arizona,73,MCNEAL SCHOOL DISTRICT 55,2016,841,91,421,329,799,438,307,46,7
Arizona,422,NACO SCHOOL DISTRICT 23,2016,3666,371,2769,526,3202,2246,764,192,0
Arizona,1340,PALOMINAS SCHOOL DISTRICT 49,2016,12797,856,7179,4762,10553,6510,3433,450,134
Arizona,105,PEARCE SCHOOL DISTRICT 22,2016,1327,89,453,785,1329,758,523,48,0
Arizona,95,VALLEY UNION HIGH SCHOOL DISTRICT 22,2016,2083,110,311,1662,1741,917,733,81,0
Arizona,145,POMERENE SCHOOL DISTRICT 64,2016,1902,116,645,1141,1795,671,361,69,694
Arizona,391,ST DAVID SCHOOL DISTRICT 21,2016,5008,563,1914,2531,4277,2617,1581,79,0
Arizona,113,SAN SIMON SCHOOL DISTRICT 18,2016,2033,96,567,1370,1666,779,789,87,0
Arizona,787,TOMBSTONE SCHOOL DISTRICT 1,2016,10002,1052,4542,4408,8489,4355,3567,427,0
Arizona,1146,WILLCOX SCHOOL DISTRICT 13,2016,12037,1427,4782,5828,8939,4887,3221,442,89
Arizona,13,COCHISE TECHNOLOGY DISTRICT,2016,4094,206,3246,642,3372,2904,468,0,0
Arizona,1263,BENSON UNIFIED SCHOOL DISTRICT,2016,11662,865,4951,5846,10008,4946,4169,512,131
Arizona,9789,FLAGSTAFF SCHOOL DISTRICT 1,2016,96896,12062,20239,64595,83839,42104,34389,4381,1914
Arizona,250,FREDONIA-MOCCASIN BI-COUNTY SCHOOL DISTRICT 6,2016,3429,859,865,1705,2548,1427,947,153,21
Arizona,295,GRAND CANYON SCHOOL DISTRICT 4,2016,5053,1152,1045,2856,4190,1854,2215,118,2
Arizona,145,MAINE CONSOLIDATED SCHOOL DISTRICT 10,2016,2376,211,481,1684,2245,1301,849,92,0
Arizona,1600,TUBA CITY UNIFIED SCHOOL DISTRICT 15,2016,25462,13144,7460,4858,26209,9153,12538,701,3768
Arizona,591,WILLIAMS SCHOOL DISTRICT 2,2016,6063,970,784,4309,5397,2670,2329,204,194
Arizona,50,COCONINO ASSOCIATION FOR VOCATION INDUSTRY & TECHNOLOGY(CAVIAT),2016,2761,4,1595,1162,3424,2448,976,0,0
Arizona,21,CHEVELON BUTTE SCHOOL DISTRICT 5,2016,623,41,39,543,432,150,282,0,0
Arizona,2675,PAGE SCHOOL DISTRICT 8,2016,29871,12378,7201,10292,25846,12798,11022,1250,525
Arizona,1721,GLOBE SCHOOL DISTRICT 1,2016,15108,3632,7718,3758,12782,6302,5585,666,217
Arizona,279,HAYDEN-WINKELMAN SCHOOL DISTRICT 41,2016,3575,463,1637,1475,3210,1341,1567,141,159
Arizona,1129,MIAMI UNIFIED SCHOOL DISTRICT 40,2016,10233,1581,2574,6078,8739,4445,3262,377,623
Arizona,67,TONTO SCHOOL DISTRICT 33,2016,1360,266,323,771,1218,619,468,121,10
Arizona,2373,PAYSON UNIFIED SCHOOL DISTRICT 10,2016,21588,2904,5638,13046,19630,9332,7803,766,100
Arizona,156,PINE-STRAWBERRY SCHOOL DISTRICT 12,2016,3183,255,350,2578,3285,1836,1293,136,20
Arizona,1569,SAN CARLOS UNIFIED SCHOOL DISTRICT 20,2016,15772,6239,8035,1498,21430,9073,10013,1711,633
Arizona,26,YOUNG SCHOOL DISTRICT 5,2016,1344,158,108,1078,1342,708,562,72,0
Arizona,0,GILA INSITUTE FOR TECHNOLOGY,2016,2277,142,1730,405,1323,469,552,0,0
Arizona,12,COBRE VALLEY INSTITUTE OF TECHNOLOGY DISTRICT,2016,1265,21,1075,169,1266,637,489,0,0
Arizona,74,BONITA SCHOOL DISTRICT 16,2016,1119,48,258,813,1492,916,491,78,5
Arizona,597,FT THOMAS SCHOOL DISTRICT 7,2016,8957,5081,3552,324,8788,4136,4159,493,0
Arizona,0,KLONDYKE SCHOOL DISTRICT 9,2016,3,0,0,3,4,0,4,0,0
Arizona,825,PIMA UNIFIED SCHOOL DISTRICT 6,2016,6357,547,4572,1238,5932,3244,1820,338,176
Arizona,3027,SAFFORD SCHOOL DISTRICT 1,2016,21582,2630,11908,7044,22498,13695,6874,1267,585
Arizona,277,SOLOMONVILLE SCHOOL DISTRICT 5,2016,2319,243,1265,811,2223,1262,731,155,75
Arizona,1737,THATCHER SCHOOL DISTRICT 4,2016,11633,668,7905,3060,10584,5915,3344,498,268
Arizona,14,BLUE SCHOOL DISTRICT 22,2016,181,53,7,121,125,98,27,0,0
Arizona,311,DUNCAN UNIFIED SCHOOL DISTRICT 2,2016,4480,439,273,3768,3591,1671,1744,104,69
Arizona,1498,MORENI SCHOOL DISTRICT 18,2016,12493,361,759,11373,11997,7389,4059,474,75
Arizona,0,EAGLE ELEMENTARY DISTRICT 45,2016,5,5,0,0,7,3,4,0,0
Arizona,207,AGUILA SCHOOL DISTRICT 63,2016,2151,398,958,795,2095,1304,683,107,0
Arizona,13520,ALHAMBRA SCHOOL DISTRICT 68,2016,111012,23998,59501,27513,105669,55410,37896,9700,2663
Arizona,230,ARLINGTON SCHOOL DISTRICT 47,2016,3386,550,137,2699,2753,1465,1076,134,45
Arizona,5600,AVONDALE SCHOOL DISTRICT 44,2016,51018,6368,22157,22493,45211,21867,16386,3363,3559
Arizona,2496,BALSZ SCHOOL DISTRICT 31,2016,27211,5874,8169,13168,22745,10146,9187,1886,976
Arizona,5042,BUCKEYE SCHOOL DISTRICT 33,2016,37120,4218,21553,11349,36075,17620,12928,3694,1458
Arizona,3964,BUCKEYE UNION HIGH SCHOOL DISTRICT 201,2016,39767,3149,11431,25187,50584,17021,13510,1687,15375
Arizona,18684,CARTWRIGHT SCHOOL DISTRICT 83,2016,148509,32938,83648,31923,129934,72230,43331,11848,1358
Arizona,5392,CAVE CREEK UNIFIED SCHOOL DISTRICT 93,2016,46654,2130,9485,35039,55252,20071,16339,3413,14409
Arizona,42843,CHANDLER UNIFIED SCHOOL DISTRICT 80,2016,350971,20423,150120,180428,331019,184861,107081,22378,9339
Arizona,6430,CREIGHTON ELEMENTARY SCHOOL DISTRICT 14,2016,62170,14180,24190,23800,54964,24418,21097,5527,3475
Arizona,24885,DYSART SCHOOL DISTRICT 89,2016,198615,18104,98553,81958,169660,88657,61313,10136,2397
Arizona,3800,FOWLER SCHOOL DISTRICT 45,2016,39932,8273,18584,13075,35233,17668,12918,4058,589
Arizona,409,GILA BEND UNIFIED SCHOOL DISTRICT 24,2016,5612,1015,425,4172,5006,2009,2743,249,5
Arizona,36021,GILBERT SCHOOL DISTRICT 41,2016,284987,15603,140366,129018,248612,143848,82800,17290,2211
Arizona,13635,GLENDALE ELEMENTARY SCHOOL DISTRICT 40,2016,101892,21249,58736,21907,98444,48695,37273,8184,3175
Arizona,15497,GLENDALE UNION HIGH SCHOOL DISTRICT 205,2016,145573,16598,62559,66416,137966,69422,47637,5881,11143
Arizona,11883,HIGLEY UNIFIED SCHOOL DISTRICT,2016,92291,4539,44995,42757,84378,36578,24327,5627,15935
Arizona,7392,ISAAC SCHOOL DISTRICT 5,2016,61796,14056,31902,15838,58144,29846,22820,5157,154
Arizona,17347,KYRENE SCHOOL DISTRICT 28,2016,149151,7515,56431,85205,144729,67760,45930,10934,14805
Arizona,6648,LAVEEN SCHOOL DISTRICT 59,2016,51951,6111,28575,17265,59332,21352,16770,4318,16380
Arizona,3408,LIBERTY SCHOOL DISTRICT 25,2016,25017,2345,12976,9696,23310,12296,8183,1210,1595
Arizona,11186,LITCHFIELD ELEMENTARY SCHOOL DISTRICT 79,2016,80784,5813,43474,31497,75141,39214,24603,6745,2926
Arizona,5473,LITTLETON ELEMENTARY SCHOOL DISTRICT 65,2016,43772,6060,22342,15370,50376,20181,15019,3490,11117
Arizona,5672,MADISON ELEMENTARY SCHOOL DISTRICT 38,2016,64368,4045,14323,46000,66981,22017,18803,6026,17421
Arizona,64367,MESA UNIFIED SCHOOL DISTRICT,2016,542277,64742,256023,221512,537276,275630,185472,32400,34882
Arizona,16,MOBILE ELEMENTARY SCHOOL DISTRICT 86,2016,1042,33,12,997,851,218,409,30,194
Arizona,144,MORRISTOWN SCHOOL DISTRICT 75,2016,2602,284,1135,1183,1792,1037,625,124,6
Arizona,1787,MURPHY SCHOOL DISTRICT 21,2016,18511,4803,7494,6214,16734,7488,6855,1613,34
Arizona,1236,NADABURG SCHOOL DISTRICT 81,2016,10641,1657,5770,3214,10481,6010,3519,895,30
Arizona,2912,OSBORN SCHOOL DISTRICT 8,2016,29894,6440,7833,15621,25733,12355,10453,1463,40
Arizona,471,PALO VERDE SCHOOL DISTRICT 49,2016,4304,652,2317,1335,3827,1977,1467,248,114
Arizona,10028,PENDERGAST SCHOOL DISTRICT 92,2016,76894,10020,42383,24491,71080,33159,25888,8833,2291
Arizona,36418,PEORIA UNIFIED SCHOOL DISTRICT 11,2016,304660,23069,138370,143221,288368,141407,98484,13580,25484
Arizona,6933,PHOENIX ELEMENTARY SCHOOL DISTRICT 1,2016,87816,18897,21525,47394,74249,34854,31498,4058,1826
Arizona,27109,PHOENIX UNION HIGH SCHOOL DISTRICT 210,2016,322967,33693,76601,212673,315669,151062,115955,11322,25820
Arizona,5885,QUEEN CREEK SCHOOL DISTRICT 95,2016,47124,3851,21122,22151,57168,20070,16689,3119,15740
Arizona,915,RIVERSIDE SCHOOL DISTRICT 2,2016,14562,1677,562,12323,24278,3415,4221,562,14894
Arizona,9382,ROOSEVELT SCHOOL DISTRICT 66,2016,106435,26265,37807,42363,99793,46039,42105,7326,1455
Arizona,23659,SCOTTSDALE UNIFIED SCHOOL DISTRICT 48,2016,227712,16017,34958,176737,202733,96998,75159,13790,5032
Arizona,39,SENTINEL SCHOOL DISTRICT 71,2016,1110,79,188,843,1033,527,450,52,4
Arizona,32316,PARADISE VALLEY SCHOOL DISTRICT 69 AND 217,2016,310611,23253,81190,206168,280554,136654,93922,15753,23504
Arizona,11591,TEMPE ELEMENTARY SCHOOL DISTRICT 3,2016,122259,13669,32659,75931,120161,51426,41067,6850,16649
Arizona,14040,TEMPE UNION HIGH SCHOOL DISTRICT 213,2016,131961,5904,29282,96775,116803,57234,44431,4929,6649
Arizona,116,PALOMA SCHOOL DISTRICT 94,2016,4408,207,101,4100,5310,842,592,179,3697
Arizona,2989,TOLLESON ELEMENTARY SCHOOL DISTRICT 17,2016,25690,4926,11726,9038,22806,11155,8259,2438,697
Arizona,11419,TOLLESON UNION HIGH SCHOOL DISTRICT 214,2016,96398,8885,42972,44541,75441,38106,24764,4625,6646
Arizona,2025,UNION SCHOOL DISTRICT 62,2016,14775,2679,8747,3349,13563,6825,5119,1202,309
Arizona,23529,WASHINGTON SCHOOL DISTRICT 6,2016,211841,39366,97891,74584,189277,94093,67025,18483,9413
Arizona,1124,WICKENBURG UNIFIED SCHOOL DISTRICT 9,2016,14607,1329,2407,10871,12712,5597,5697,741,367
Arizona,1175,WILSON SCHOOL DISTRICT 7,2016,14837,3673,3849,7315,14006,7069,4630,781,1118
Arizona,421,WESTERN MARICOPA EDUCATION CENTER,2016,33524,53,18367,15104,35691,5334,6970,372,18152
Arizona,1422,EAST VALLEY INSTITUTE OF TECHNOLOGY DISTRICT,2016,45221,1437,30061,13723,39976,27896,5815,1312,4953
Arizona,34153,DEER VALLEY UNIFIED SCHOOL DISTRICT,2016,273905,22021,105504,146380,253630,138855,85910,10343,13468
Arizona,7629,AGUA FRIA UNION HIGH SCHOOL DISTRICT 216,2016,63871,3870,25451,34550,61199,31226,21631,2630,3771
Arizona,1506,SADDLE MOUNTAIN UNIFIED SCHOOL DISTRICT,2016,15398,1873,826,12699,14551,5702,6465,653,731
Arizona,1569,FOUNTAIN HILLS SCHOOL DISTRICT 98,2016,15990,1980,3044,10966,14547,6125,5879,413,1656
Arizona,2865,BULLHEAD CITY SCHOOL DISTRICT 15,2016,21825,4635,9358,7832,21429,11764,7987,1678,0
Arizona,62,HACKBERRY SCHOOL DISTRICT 3,2016,1109,122,78,909,907,472,385,50,0
Arizona,6604,KINGMAN UNIFIED SCHOOL DISTRICT 20,2016,60437,7608,18308,34521,49205,22253,20397,2748,1014
Arizona,409,LITTLEFIELD SCHOOL DISTRICT 9,2016,4006,645,1970,1391,3809,2083,1439,224,63
Arizona,1144,MOHAVE VALLEY SCHOOL DISTRICT 16,2016,12065,1949,3953,6163,9961,4747,4528,620,14
Arizona,24,OWENS WHITNEY SCHOOL DISTRICT 6,2016,402,27,24,351,441,213,174,54,0
Arizona,238,PEACH SPRINGS UNIFIED SCHOOL DISTRICT,2016,3533,1702,765,1066,2654,996,1446,112,0
Arizona,596,COLORADO CITY UNIFIED SCHOOL DISTRICT 14,2016,5631,1669,2658,1304,5010,2547,2040,143,280
Arizona,100,TOPOCK SCHOOL DISTRICT 12,2016,1153,245,182,726,1109,511,527,71,0
Arizona,80,VALENTINE SCHOOL DISTRICT 22,2016,512,30,267,215,708,411,297,0,0
Arizona,37,YUCCA SCHOOL DISTRICT 13,2016,614,55,28,531,491,241,197,45,8
Arizona,38,WESTERN ARIZONA VOCATIONAL DISTRICT #50,2016,3570,0,2146,1424,2834,2208,605,21,0
Arizona,2041,COLORADO R UNION HIGH SCHOOL DISTRICT 2,2016,16914,2029,3241,11644,14981,7583,6491,816,0
Arizona,5454,LAKE HAVASU UNIFIED SCHOOL DISTRICT 1,2016,40891,4868,9825,26198,36711,18710,13897,2318,1786
Arizona,2064,HOLBROOK UNIFIED SCHOOL DISTRICT 3,2016,24224,8326,11466,4432,22612,11677,8760,899,1121
Arizona,395,JOSEPH CITY SCHOOL DISTRICT 2,2016,5602,446,248,4908,4768,2123,2438,170,0
Arizona,1759,KAYENTA UNIFIED SCHOOL DISTRICT 27,2016,29465,16263,10346,2856,25371,9349,12035,1539,2448
Arizona,120,CEDAR UNIFIED SCHOOL DISTRICT 25,2016,3188,1840,1164,184,3598,1283,2078,104,133
Arizona,2081,BLUE RIDGE UNIFIED SCHOOL DISTRICT 32,2016,18947,2586,3769,12592,16988,9441,6569,669,191
Arizona,2404,SHOW LOW UNIFIED SCHOOL DISTRICT 10,2016,18389,2082,7352,8955,16522,9490,6218,782,32
Arizona,2429,SNOWFLAKE UNIFIED SCHOOL DISTRICT 5,2016,17235,2060,9844,5331,15812,8357,5996,716,451
Arizona,2237,WHITERIVER UNIFIED SCHOOL DISTRICT 20,2016,30264,16391,12163,1710,26012,10982,10632,1446,2640
Arizona,2150,WINSLOW UNIFIED SCHOOL DISTRICT 1,2016,19589,5991,9878,3720,17176,8481,7611,862,47
Arizona,493,NORTHERN ARIZONA VOCATIONAL INSTITUTE OF TECHNOLOGY,2016,4895,51,3756,1088,2138,1449,654,0,35
Arizona,45,NORTHEAST ARIZONA TECHNOLOGICAL INSTITUTE OF VOCATIONAL EDUCATIO,2016,3779,57,3416,306,2493,1769,723,0,1
Arizona,1218,PINON SCHOOL UNIFIED SCHOOL DISTRICT 4,2016,21517,10742,8594,2181,19521,7551,10833,846,0
Arizona,443,HEBER OVERGAARD SCHOOL DISTRICT,2016,5400,773,1084,3543,4561,2223,1905,202,19
Arizona,419,AJO SCHOOL DISTRICT 15 AND 103,2016,3994,960,1989,1045,3797,1932,1596,216,53
Arizona,13737,AMPHITHEATER SCHOOL DISTRICT 10,2016,125705,14309,32058,79338,120016,56871,43868,5835,8693
Arizona,4919,CATALINA FOOTHILLS SCHOOL DISTRICT 16,2016,42431,1459,10184,30788,45902,18560,14905,4782,6315
Arizona,775,CONTINENTAL SCHOOL DISTRICT 39,2016,7245,488,1479,5278,7038,4164,1843,207,128
Arizona,18,EMPIRE SCHOOL DISTRICT 37,2016,40,0,9,31,408,214,0,0,0
Arizona,5253,FLOWING WELLS SCHOOL DISTRICT 8,2016,44728,7487,20088,17153,41904,21794,15827,2690,559
Arizona,1010,INDIAN OASIS-BABOQUIVARA UNIFIED SCHOOL DISTRICT 40,2016,19187,11768,6405,1014,16424,7032,8579,746,67
Arizona,12252,MARANA UNIFIED SCHOOL DISTRICT 6,2016,104357,9433,44616,50308,120173,49328,37682,6031,23173
Arizona,0,REDINGTON SCHOOL DISTRICT 44,2016,77,0,18,59,133,61,14,0,0
Arizona,5899,SAHUARITA SCHOOL DISTRICT 30,2016,48999,3085,19041,26873,43732,22060,16192,2208,1447
Arizona,17,SAN FERNANDO SCHOOL DISTRICT 35,2016,286,24,168,94,351,178,173,0,0
Arizona,15962,SUNNYSIDE SCHOOL DISTRICT 12,2016,121517,27628,67444,26445,125010,55875,51912,10256,6860
Arizona,2084,TANQUE VERDE UNIFIED SCHOOL DISTRICT 13,2016,15947,556,6342,9049,15815,9216,5620,621,39
Arizona,893,ALTAR VALLEY SCHOOL DISTRICT 51,2016,9263,1549,4975,2739,8370,4532,3219,600,5
Arizona,47839,TUCSON UNIFIED SCHOOL DISTRICT 1,2016,449642,67416,170965,211261,411163,187290,179063,24921,8601
Arizona,12254,VAIL UNIFIED SCHOOL DISTRICT,2016,99510,5805,51959,41746,102974,42394,36957,6833,15324
Arizona,612,PIMA COUNTY JOINT TECHNOLOGICAL EDUCATION DISTRICT NUMBER 11,2016,19912,337,13773,5802,17498,12697,4644,153,4
Arizona,4092,APACHE JUNCTION UNIFIED SCHOOL DISTRICT 43,2016,34090,2761,12584,18745,29619,15570,11670,1614,20
Arizona,6930,CASA GRANDE SCHOOL DISTRICT 4,2016,53699,7983,28753,16963,50379,24924,21843,3322,250
Arizona,3774,CASA GRANDE UNION HIGH SCHOOL DISTRICT 82,2016,36757,5117,14446,17194,29714,12862,12797,2623,270
Arizona,3204,COOLIDGE SCHOOL DISTRICT 21,2016,29244,5125,12259,11860,28313,12221,12002,1462,1444
Arizona,883,ELOY SCHOOL DISTRICT 11,2016,8491,2477,4595,1419,8016,3639,3481,737,102
Arizona,8326,FLORENCE UNIFIED SCHOOL DISTRICT 1,2016,66513,7015,37102,22396,59847,29421,22655,4166,579
Arizona,741,MAMMOTH-SAN MANUEL UNIFIED SCHOOL DISTRICT 8,2016,7373,1295,4354,1724,7313,3680,3110,502,14
Arizona,6383,MARICOPA SCHOOL DISTRICT 20,2016,49548,5585,29651,14312,44002,20582,19021,2316,373
Arizona,604,ORACLE SCHOOL DISTRICT 2,2016,6405,563,1665,4177,6152,4029,1747,201,175
Arizona,164,PICACHO SCHOOL DISTRICT 33,2016,1663,236,266,1161,1578,842,591,142,3
Arizona,460,RAY SCHOOL DISTRICT 3,2016,4247,673,1775,1799,4414,2236,1987,182,0
Arizona,313,RED ROCK SCHOOL DISTRICT 5,2016,2440,178,1226,1036,2333,1386,758,189,0
Arizona,568,SACATON SCHOOL DISTRICT 18,2016,11223,6791,3643,789,9889,4463,4878,409,139
Arizona,453,SANTA CRUZ VALLEY UNION HIGH SCHOOL DISTRICT 840,2016,6107,573,1099,4435,4378,1763,2153,248,94
Arizona,529,STANFIELD SCHOOL DISTRICT 24,2016,4492,691,2710,1091,8161,3682,4147,332,0
Arizona,366,SUPERIOR SCHOOL DISTRICT 15,2016,4836,809,1814,2213,4202,2041,1977,175,0
Arizona,1085,TOLTEC SCHOOL DISTRICT 22,2016,9450,2061,4580,2809,8557,3559,3648,545,351
Arizona,108,CENTRAL ARIZONA VALLEY INSTITUTE OF TECHNOLOGY,2016,6598,69,5454,1075,4715,1274,2436,0,1005
Arizona,4367,J O COMBS ELEMENTARY SCHOOL DISTRICT 44,2016,31975,3547,19240,9188,29582,14635,12418,1686,336
Arizona,3458,SANTA CRUZ VALLEY SCHOOL DISTRICT 35,2016,24920,5201,12988,6731,26007,12967,10942,1623,148
Arizona,5711,NOGALES UNIFIED SCHOOL DISTRICT 1,2016,43889,7569,26394,9926,39638,20764,16230,2493,135
Arizona,81,PATAGONIA ELEMENTARY SCHOOL DISTRICT 6,2016,1288,225,377,686,1343,754,551,9,29
Arizona,60,PATAGONIA UNION HIGH SCHOOL DISTRICT 20,2016,1797,192,245,1360,1734,681,888,143,22
Arizona,235,SANTA CRUZ ELEMENTARY SCHOOL DISTRICT 28,2016,2731,327,1812,592,2690,1627,923,136,4
Arizona,101,SONOITA SCHOOL DISTRICT 25,2016,2104,317,339,1448,2345,1150,793,71,305
Arizona,232,ASH FORK UNIFIED SCHOOL DISTRICT 31,2016,3017,288,583,2146,2659,1283,1199,177,0
Arizona,445,BAGDAD UNIFIED SCHOOL DISTRICT 20,2016,5311,278,299,4734,5067,2925,2012,124,6
Arizona,1436,CAMP VERDE UNIFIED SCHOOL DISTRICT 28,2016,11645,1972,4885,4788,11483,6270,4540,529,38
Arizona,183,CANON ELEMENTARY SCHOOL DISTRICT 50,2016,1920,298,579,1043,1956,1121,671,118,46
Arizona,2384,CHINO VALLEY UNIFIED SCHOOL DISTRICT 51,2016,17544,2712,6366,8466,17362,8255,7408,1236,216
Arizona,133,CONGRESS SCHOOL DISTRICT 17,2016,1710,183,459,1068,1536,908,537,84,7
Arizona,2131,COTTONWOOD-OAK CREEK ELEMENTARY SCHOOL DISTRICT 6,2016,17329,2235,6573,8521,17785,8359,6615,875,1915
Arizona,1,CROWN KING SCHOOL DISTRICT 41,2016,109,37,9,63,93,47,46,0,0
Arizona,5814,HUMBOLDT UNIFIED SCHOOL DISTRICT 22,2016,45724,5416,18075,22233,47019,25843,14840,2409,2245
Arizona,90,KIRKLAND SCHOOL DISTRICT 23,2016,1813,166,452,1195,1765,690,474,65,536
Arizona,524,MAYER UNIFIED SCHOOL DISTRICT 43,2016,6395,1065,2685,2645,5606,2583,2490,254,180
Arizona,3972,PRESCOTT UNIFIED SCHOOL DISTRICT 1,2016,29914,4098,7404,18412,30735,15388,13803,1443,72
Arizona,155,SELIGMAN UNIFIED SCHOOL DISTRICT 40,2016,2839,146,139,2554,2640,1262,1243,97,32
Arizona,33,SKULL VALLEY SCHOOL DISTRICT 15,2016,573,58,165,350,546,292,207,38,0
Arizona,28,HILLSIDE SCHOOL DISTRICT 35,2016,392,53,91,248,375,226,149,0,0
Arizona,477,CLARKSDALE-JEROME ELEMENTARY SCHOOL DISTRICT 3,2016,4033,480,1545,2008,3618,2058,1331,195,32
Arizona,3,WALNUT GROVE ELEMENTARY DISTRICT,2016,29,10,1,18,44,35,9,0,0
Arizona,25,WILLIAMSON VALLEY SCHOOL DISTRICT 2,2016,263,13,51,199,252,112,82,0,0
Arizona,47,YARNELL SCHOOL DISTRICT 52,2016,1246,308,227,711,956,472,356,48,80
Arizona,1,VALLEY ACADEMY,2016,1327,64,604,659,1768,982,786,0,0
Arizona,51,MOUNTAIN INSTITUTE JOINT TECHNOLOGY EDUCATION DISTRICT,2016,2937,200,1522,1215,2291,1225,1064,0,2
Arizona,1099,SEDONA-OAK CREEK JOINT UNIFIED SCHOOL DISTRICT,2016,15236,757,1947,12532,10770,4603,3819,573,125
Arizona,1151,MINGUS UNION HIGH SCHOOL DISTRICT 4,2016,10888,829,2438,7621,9177,5139,3395,241,0
Arizona,412,BEAVER CREEK SCHOOL DISTRICT 26,2016,4014,609,1572,1833,3578,2099,1281,171,17
Arizona,239,ANTELOPE UNION HIGH SCHOOL DISTRICT 50,2016,3193,179,240,2774,2962,1505,1247,173,0
Arizona,6318,CRANE SCHOOL DISTRICT 13,2016,44071,7388,28433,8250,45236,20021,16304,3028,5204
Arizona,5327,GADSDEN SCHOOL DISTRICT 32,2016,38619,9559,26234,2826,38053,18153,15794,3462,486
Arizona,99,HYDER SCHOOL DISTRICT 16,2016,2163,681,56,1426,1938,886,877,99,76
Arizona,150,MOHAWK VALLEY SCHOOL DISTRICT 17,2016,1818,253,727,838,1578,712,738,122,6
Arizona,2772,SOMERTON SCHOOL DISTRICT 11,2016,21197,5309,13368,2520,20597,9409,8172,1950,861
Arizona,233,WELLTON SCHOOL DISTRICT 24,2016,2319,400,1163,756,2293,1212,880,134,67
Arizona,8543,YUMA ELEMENTARY SCHOOL DISTRICT 1,2016,66883,12667,34964,19252,67566,29186,25370,4643,7962
Arizona,10531,YUMA UNION HIGH SCHOOL DISTRICT 70,2016,86346,12788,39139,34419,78069,36245,34016,5981,1278
Arizona,27,BOUSE SCHOOL DISTRICT 26,2016,752,83,59,610,669,263,330,76,0
Arizona,1781,PARKER SCHOOL DISTRICT 27,2016,18080,8903,6210,2967,16920,8366,7225,892,437
Arizona,214,QUARTZSITE SCHOOL DISTRICT 4,2016,2132,266,191,1675,2011,815,956,158,80
Arizona,120,SALOME SCHOOL DISTRICT 30,2016,1536,228,348,960,1357,559,656,141,0
Arizona,86,WENDEN SCHOOL DISTRICT 19,2016,1411,155,354,902,1314,619,586,109,0
Arizona,102,BICENTENNIAL UNION HIGH SCHOOL DISTRICT 76,2016,2232,382,150,1700,1815,840,880,95,0
Arkansas,1298,DEWITT SCH DIST 1,2016,15165,1512,11924,1729,19376,6918,4427,688,6837
Arkansas,1684,STUTTGART SCH DIST 22,2016,18187,2124,13554,2509,23085,8788,6040,1127,6391
Arkansas,1818,CROSSETT SCH DIST,2016,19638,2303,14330,3005,18150,9404,6562,1089,895
Arkansas,2033,HAMBURG SCH DIST,2016,19898,2357,15730,1811,19014,10542,6461,1340,284
Arkansas,700,COTTER SCH DIST 60,2016,7067,824,5497,746,6913,4051,2100,376,332
Arkansas,3947,MOUNTAIN HOME SCH DIST 9,2016,38906,3861,29318,5727,38595,20963,13672,1757,525
Arkansas,426,NORFORK SCH DIST 61,2016,5376,669,3941,766,5254,2900,1877,326,93
Arkansas,1967,PEA RIDGE SCH DIST 109,2016,19398,1467,15920,2011,20723,9416,6930,796,2881
Arkansas,16060,BENTONVILLE SCH DIST 6,2016,188497,7517,151580,29400,210549,90614,52575,8113,48800
Arkansas,641,DECATUR SCH DIST 17,2016,7353,1033,5495,825,6759,3437,2477,423,332
Arkansas,1446,GENTRY SCH DIST 19,2016,15818,1502,11667,2649,15084,7916,5789,758,156
Arkansas,1869,GRAVETTE SCH DIST 20,2016,20118,1777,14890,3451,20501,10353,5886,927,2278
Arkansas,15418,ROGERS SCH DIST 30,2016,167521,14583,124771,28167,152705,86258,48100,9490,3786
Arkansas,4277,SILOAM SPGS SCH DIST 21,2016,44918,4201,34612,6105,42514,22338,14803,2120,976
Arkansas,520,ALPENA SCH DIST 5,2016,5128,543,3984,601,4822,2674,1700,261,143
Arkansas,1143,BERGMAN SCH DIST 3,2016,10465,1111,8398,956,10056,5895,2946,597,536
Arkansas,399,LEAD HILL SCHOOL DISTRICT,2016,4170,591,3039,540,3954,1927,1615,275,106
Arkansas,2668,HARRISON SCH DIST 1,2016,29805,2799,22638,4368,41782,14073,9377,1413,15260
Arkansas,442,OMAHA SCH DIST 6,2016,4821,612,3690,519,4790,2510,1496,276,319
Arkansas,921,VALLEY SPRINGS SCH DIST 2,2016,8577,768,6897,912,8144,4412,3065,342,228
Arkansas,0,OZARKS UNLIMITED RESOURCES COOP,2016,5775,1740,2398,1637,5622,3136,2470,0,16
Arkansas,457,HERMITAGE SCH DIST 12,2016,5659,975,4016,668,5993,2673,1936,299,911
Arkansas,1626,WARREN SCH DIST 1,2016,19626,2475,15481,1670,17835,9047,6634,1380,577
Arkansas,566,HAMPTON SCH DIST 1,2016,6174,690,4509,975,6176,2881,2573,365,204
Arkansas,2049,BERRYVILLE SCH DIST,2016,20285,2329,16018,1938,19929,10506,6564,1199,1242
Arkansas,665,EUREKA SPRINGS SCH DIST,2016,9693,843,6825,2025,8424,4066,2935,509,389
Arkansas,1220,GREEN FOREST SCH DIST,2016,13338,1961,10187,1190,13218,6641,4689,1057,587
Arkansas,388,DERMOTT SCH DIST,2016,5665,1175,4037,453,5074,2456,2134,357,46
Arkansas,1134,LAKESIDE SCHOOL DISTRICT #1,2016,12900,2264,9363,1273,12010,6664,4216,872,243
Arkansas,1955,ARKADELPHIA SCH DIST,2016,20784,2067,15684,3033,20328,10535,7323,1620,399
Arkansas,771,GURDON SCH DIST,2016,8056,918,6242,896,8041,4347,2983,400,179
Arkansas,0,DAWSON EDUCATION SERVICE COOP,2016,11834,3820,5141,2873,11730,3529,7531,606,64
Arkansas,966,CORNING SCH DIST 8,2016,9647,1191,7281,1175,9614,4803,3430,538,779
Arkansas,972,PIGGOTT SCH DIST 52,2016,8746,895,6882,969,7999,4718,2365,512,331
Arkansas,653,RECTOR SCHOOL DISTRICT,2016,6236,851,4630,755,5789,3456,1745,327,175
Arkansas,474,CONCORD SCH DIST 3,2016,5918,704,4132,1082,6026,2994,2474,437,61
Arkansas,1742,HEBER SPRINGS SCH DIST 1,2016,18379,1955,13449,2975,18241,9309,6328,978,643
Arkansas,644,QUITMAN SCH DIST 21,2016,7599,657,4990,1952,6933,3488,2339,374,433
Arkansas,461,WEST SIDE GREERS FERRY SCH DIST,2016,7457,1008,4685,1764,5562,2935,1944,265,323
Arkansas,962,CLEVELAND COUNTY SCH DIST 36,2016,9582,1761,6893,928,9752,4271,3544,1153,619
Arkansas,552,WOODLAWN SCH DIST 6,2016,5166,487,4122,557,5110,2883,1588,357,204
Arkansas,1002,EMERSON-TAYLOR SCH DIST,2016,11363,1226,8233,1904,11950,6101,3651,656,1341
Arkansas,2983,MAGNOLIA SCH DIST,2016,29038,3746,21727,3565,28873,15418,10176,1523,1452
Arkansas,461,NEMO VISTA SCH DIST 8,2016,6516,502,4525,1489,5836,2860,2334,338,244
Arkansas,464,WONDERVIEW SCHOOL DISTRICT 2,2016,5024,583,3417,1024,5048,2892,1509,275,203
Arkansas,0,ARCH FORD EDUC SERV COOP,2016,18867,1723,9142,8002,18158,3030,13765,890,467
Arkansas,2285,SOUTH CONWAY CO SCH DIST,2016,25055,2460,19382,3213,25361,11390,8456,1149,3593
Arkansas,577,BAY SCHOOL DISTRICT,2016,5929,541,4516,872,5999,3002,2257,399,192
Arkansas,2350,BROOKLAND SCH DIST,2016,24526,1359,20213,2954,28601,11594,5907,1157,9312
Arkansas,6194,JONESBORO SCH DIST,2016,64965,9110,47753,8102,64864,32014,22019,4493,4946
Arkansas,856,RIVERSIDE SCH DIST,2016,10297,843,8678,776,13618,4503,2747,496,5623
Arkansas,3420,NETTLETON SCH DIST,2016,36108,3458,26565,6085,34789,18949,11182,2435,765
Arkansas,2809,VALLEY VIEW SCH DIST,2016,27199,1651,21775,3773,30914,15201,8324,1976,4264
Arkansas,807,BUFFALO ISLAND CENTRAL SCH DT,2016,8075,733,6390,952,8181,4648,2516,321,650
Arkansas,1778,WESTSIDE CONS SCHOOL DIST,2016,16734,1446,13336,1952,15989,8905,5242,1024,254
Arkansas,3212,ALMA SCH DIST 30,2016,32301,3241,25899,3161,31208,16484,10356,1943,863
Arkansas,830,CEDARVILLE SCH DIST 44,2016,8901,1033,7111,757,10922,4609,3122,597,2437
Arkansas,706,MOUNTAINBURG SCH DIST 16,2016,8852,989,7221,642,7228,3675,2805,454,165
Arkansas,379,MULBERRY SCH DIST 101,2016,4572,665,3322,585,4120,1990,1747,294,75
Arkansas,5897,VAN BUREN SCH DIST 42,2016,60483,6415,47687,6381,57144,29987,19654,4034,968
Arkansas,644,EARLE SCH DIST,2016,7835,1396,6038,401,7784,4040,3062,523,42
Arkansas,5721,WEST MEMPHIS SCHOOL DISTRICT,2016,65641,11021,48883,5737,59713,31193,22932,3403,1436
Arkansas,4132,MARION SCH DIST,2016,41765,2595,32699,6471,41012,21151,12059,2037,4523
Arkansas,665,CROSS COUNTY SCHOOL DISTRICT,2016,7919,1187,5406,1326,8523,3301,3918,413,644
Arkansas,2667,WYNNE SCH DIST 9,2016,26700,3072,21034,2594,25850,14549,8799,1622,686
Arkansas,826,FORDYCE SCH DIST 39,2016,11035,1483,8817,735,10678,6645,3073,358,388
Arkansas,1409,DUMAS SCHOOL DISTRICT,2016,15604,2130,11984,1490,15256,7627,5891,716,712
Arkansas,1227,MCGEHEE SCH DIST,2016,13691,1874,10281,1536,13026,7057,4461,848,573
Arkansas,1035,DREW CENTRAL SCH DIST 5,2016,11387,1778,8527,1082,10456,5836,3596,638,128
Arkansas,2110,MONTICELLO SCH DIST 18,2016,22237,2553,17473,2211,22148,11945,7262,1825,722
Arkansas,0,SOUTHEAST ARKANSAS EDUC SERV COOP,2016,12835,3147,6509,3179,24303,3136,7321,2630,11216
Arkansas,10014,CONWAY SCH DIST,2016,104870,8963,81020,14887,112982,53455,34249,5949,13277
Arkansas,3453,GREENBRIER SCHOOL DIST,2016,35008,2208,29454,3346,40677,16888,10237,1170,11257
Arkansas,394,GUY PERKINS SCH DIST,2016,4603,421,3467,715,4320,2339,1621,246,36
Arkansas,1130,MAYFLOWER SCH DIST,2016,11751,1401,9097,1253,10836,5885,3717,668,216
Arkansas,543,MT VERNON/ENOLA SCHOOL DIST,2016,5368,444,4182,742,4843,2595,1699,361,71
Arkansas,3317,VILONIA SCH DIST,2016,33829,2956,27380,3493,32128,16314,11167,2261,1632
Arkansas,920,CHARLESTON SCH DIST,2016,8505,850,6832,823,7924,4749,2595,383,38
Arkansas,481,COUNTY LINE SCH DIST,2016,4733,576,3591,566,4453,2467,1416,244,195
Arkansas,1867,OZARK SCH DIST,2016,18854,2170,14969,1715,17803,9837,6530,832,313
Arkansas,0,WESTERN ARKANSAS COOPERATIVE,2016,4555,2159,1744,652,4618,1256,3150,0,202
Arkansas,485,MAMMOTH SPRING SCH DIST,2016,5033,595,3752,686,5215,2805,1580,263,518
Arkansas,793,SALEM SCH DIST,2016,7530,947,5875,708,7263,4441,2195,531,96
Arkansas,410,VIOLA SCH DIST,2016,4514,537,3391,586,4521,2517,1540,281,73
Arkansas,601,CUTTER-MORNING STAR SCH DIST 21,2016,6983,866,5357,760,7411,3010,3619,357,242
Arkansas,1417,FOUNTAIN LAKE SCHOOL DISTRICT 18,2016,16872,1806,11668,3398,15893,8006,6342,528,545
Arkansas,3774,HOT SPRINGS SCH DIST 6,2016,45234,6107,32669,6458,42253,23063,15307,2876,193
Arkansas,4378,LAKE HAMILTON SCH DIST 5,2016,46068,4256,36133,5679,48206,22857,14741,2183,5766
Arkansas,3480,LAKESIDE SCH DIST 9,2016,35593,2721,27380,5492,33858,17819,12311,1511,599
Arkansas,531,MOUNTAIN PINE SCH DIST 46,2016,6185,953,4552,680,5891,2728,2612,289,133
Arkansas,937,JESSIEVILLE SCH DIST,2016,11466,1622,7812,2032,11831,5072,5019,671,507
Arkansas,4210,SHERIDAN SCH DIST,2016,37930,3309,30919,3702,35301,19678,11872,1773,1332
Arkansas,588,POYEN SCH DIST 1,2016,5706,445,4766,495,5373,2867,1797,272,383
Arkansas,820,MARMADUKE SCH DIST,2016,7339,800,5631,908,7170,3749,2671,555,161
Arkansas,3197,PARAGOULD SCHOOL DISTRICT,2016,32051,4132,24718,3201,29789,15833,10373,1962,637
Arkansas,3837,GREENE CO TECH SCH DIST,2016,35713,3399,28274,4040,41736,19150,12677,1902,6796
Arkansas,496,BLEVINS SCH DIST,2016,5427,773,4147,507,6635,3124,2012,314,1108
Arkansas,2575,HOPE SCH DIST,2016,27585,3976,20998,2611,25612,14278,9112,1547,187
Arkansas,555,SPRING HILL SCH DIST,2016,5592,559,4530,503,4917,2845,1583,273,116
Arkansas,0,SOUTHWEST ARKANSAS COOPERATIVE,2016,4285,518,2773,994,4056,732,3077,82,165
Arkansas,987,BISMARCK SCH DIST,2016,9991,1133,7778,1080,9324,5014,3418,482,198
Arkansas,1037,GLEN ROSE SCH DIST,2016,10195,954,8013,1228,9553,5312,3206,518,330
Arkansas,699,MAGNET COVE SCH DIST,2016,7196,531,5177,1488,9363,3340,2604,356,2872
Arkansas,2025,MALVERN SCH DIST,2016,24089,3175,18064,2850,23340,11859,8422,1361,942
Arkansas,544,OUACHITA SCH DIST,2016,5390,469,4326,595,4478,2430,1635,259,32
Arkansas,553,DIERKS SCH DIST,2016,6045,598,4622,825,5923,3340,1775,409,337
Arkansas,411,MINERAL SPRINGS SCHOOL DIST 3,2016,9386,706,6656,2024,8851,3530,2589,356,2276
Arkansas,1909,NASHVILLE SCH DIST,2016,20822,2006,16000,2816,19029,11099,5744,1209,400
Arkansas,3162,BATESVILLE SCH DIST,2016,33127,3744,25368,4015,36362,15678,11293,3556,5172
Arkansas,850,CEDAR RIDGE SCH DIST,2016,11430,1203,8236,1991,10447,5401,4137,653,129
Arkansas,565,MIDLAND SCH DISTRICT,2016,6396,899,4713,784,6039,3185,2153,378,151
Arkansas,1886,SOUTHSIDE SCHOOL DISTRICT,2016,18341,2288,13850,2203,17381,8776,5608,1500,1105
Arkansas,419,CALICO ROCK SCH DIST,2016,4408,602,3278,528,4341,2110,1640,388,101
Arkansas,871,MELBOURNE SCHOOL DIST,2016,13158,948,10995,1215,17507,4796,2588,616,9281
Arkansas,518,IZARD COUNTY CONSOLIDATED SCHOOL DISTRICT,2016,6138,795,4429,914,5898,3034,2128,454,142
Arkansas,0,NORTHCENTRAL ARKANSAS EDUCAL SERV CENTER,2016,3650,700,1756,1194,5856,749,2898,187,2018
Arkansas,1301,NEWPORT SCH DIST,2016,15673,2544,11466,1663,14924,8259,4961,1106,264
Arkansas,976,JACKSON COUNTY SCHOOL DISTRICT,2016,8897,969,7073,855,9002,4721,3289,654,179
Arkansas,1355,DOLLARWAY SCH DIST 2,2016,17330,3045,12614,1671,16145,7483,7224,869,50
Arkansas,4169,PINE BLUFF SCH DIST 3,2016,49326,7049,37744,4533,50542,24759,19300,2571,2890
Arkansas,2605,WATSON CHAPEL SCH DIST 24,2016,27861,3024,23568,1269,24706,12127,10644,1306,302
Arkansas,2880,WHITE HALL SCH DIST 27,2016,28291,2108,22912,3271,28003,15219,10423,1297,353
Arkansas,0,ARKANSAS RIVER EDUC SERV COOP,2016,5305,598,3082,1625,5575,1725,2287,1537,13
Arkansas,2682,CLARKSVILLE SCH DIST 17,2016,26418,2698,21343,2377,25608,14678,8333,1631,575
Arkansas,685,WESTSIDE SCH DIST,2016,7269,1196,5487,586,6684,3766,2139,566,107
Arkansas,1312,LAMAR SCH DIST 39,2016,12237,1221,9967,1049,11032,6578,3504,576,289
Arkansas,647,LAFAYETTE COUNTY SCHOOL DISTRICT,2016,7465,1013,5598,854,8705,3862,2870,443,1440
Arkansas,881,HOXIE PUBLIC SCHOOL DISTRICT 46,2016,9375,1157,7258,960,9074,5348,2872,652,119
Arkansas,775,SLOAN HENDRIX SCH DIST,2016,7098,897,5495,706,6609,3475,2467,387,238
Arkansas,464,HILLCREST SCHOOL DISTRICT,2016,5454,677,4243,534,4868,2061,2244,339,184
Arkansas,1016,LAWRENCE COUNTY SCHOOL DISTRICT,2016,9812,1278,7260,1274,8999,5014,3239,458,213
Arkansas,0,NORTHEAST ARKANSAS EDUCATIONAL COOPERATIVE,2016,5061,1636,2467,958,4689,2157,2458,0,74
Arkansas,821,LEE COUNTY SCH DISTRICT 1,2016,11062,2822,7181,1059,10389,4848,4666,647,204
Arkansas,1632,STAR CITY SCH DIST 11,2016,15627,1731,12553,1343,15610,8131,6086,864,237
Arkansas,1426,ASHDOWN SCH DIST 31,2016,14928,1559,11080,2289,14579,7105,5969,941,322
Arkansas,481,FOREMAN SCH DIST,2016,5431,563,3995,873,5161,2485,1939,328,282
Arkansas,1309,BOONEVILLE SCH DIST,2016,13651,1813,10691,1147,12523,6952,4171,913,38
Arkansas,615,MAGAZINE SCH DIST,2016,6370,797,4914,659,6114,3117,2102,539,201
Arkansas,1165,PARIS SCH DIST 7,2016,11657,1300,9124,1233,11479,5917,4228,684,387
Arkansas,409,SCRANTON SCH DIST,2016,4411,492,3278,641,4805,2224,1522,177,811
Arkansas,10378,CABOT SCHOOL DISTRICT 4,2016,98403,8434,78961,11008,95770,52736,33139,4644,3162
Arkansas,729,CARLISLE SCH DIST,2016,7501,683,5768,1050,7928,3855,2508,379,859
Arkansas,797,ENGLAND SCH DIST,2016,8525,943,6713,869,7737,4111,2985,394,88
Arkansas,1805,LONOKE SCH DIST,2016,18852,1865,14783,2204,19205,9170,6154,1232,1981
Arkansas,2355,HUNTSVILLE SCH DIST 1,2016,22133,2476,17494,2163,21727,11955,7690,1035,574
Arkansas,886,FLIPPIN SCH DIST,2016,10837,2190,7254,1393,11742,5158,2894,418,2963
Arkansas,751,YELLVILLE-SUMMIT SCH DIST,2016,7636,975,5769,892,6980,3729,2607,350,71
Arkansas,1181,GENOA CENTRAL SCH DIST,2016,11245,832,9150,1263,10394,5686,3305,473,733
Arkansas,1127,FOUKE SCH DIST 15,2016,10980,920,8923,1137,10062,5412,3550,547,316
Arkansas,4594,TEXARKANA SCH DIST 7,2016,51765,9173,37415,5177,49019,26868,17786,2505,1181
Arkansas,419,ARMOREL SCHOOL DIST,2016,7031,324,4607,2100,5504,2701,1673,227,805
Arkansas,2278,BLYTHEVILLE SCH DIST 5,2016,27795,4528,20100,3167,27128,14831,9869,1685,389
Arkansas,1299,GOSNELL SCH DIST 6,2016,12928,1284,10773,871,12532,6750,4315,694,745
Arkansas,1123,MANILA SCH DIST 15,2016,11131,1065,8880,1186,11366,6100,3415,558,1073
Arkansas,1306,OSCEOLA SCH DIST 1,2016,17303,3324,12658,1321,15845,6636,7380,1004,442
Arkansas,1287,SOUTH MISSISSIPPI CO SCHOOL DIST,2016,14231,1802,10756,1673,14717,6434,4545,804,2542
Arkansas,578,BRINKLEY SCH DIST,2016,6621,1021,4707,893,6104,3010,2510,531,9
Arkansas,545,CLARENDON SCH DIST 6,2016,7086,994,5215,877,6481,3227,2744,305,161
Arkansas,474,MT IDA SCH DIST 20,2016,5387,1104,3471,812,5483,2590,2030,301,430
Arkansas,608,CADDO HILLS SCH DIST 28,2016,6036,1064,4436,536,5871,3178,2187,415,18
Arkansas,999,PRESCOTT SCH DIST 14,2016,11017,1303,8831,883,9815,5346,3502,611,136
Arkansas,418,NEVADA SCHOOL DIST 1,2016,4678,521,3734,423,4777,2495,1568,270,420
Arkansas,382,DEER- MOUNT JUDEA SCH DIST,2016,5036,853,3777,406,4990,2518,2009,304,5
Arkansas,896,JASPER SCH DIST,2016,11341,1497,8820,1024,11251,5325,4270,673,779
Arkansas,665,OZARK MOUNTAIN SCH DIST 12,2016,8917,1097,6920,900,8433,4238,3264,562,139
Arkansas,483,BEARDEN SCH DIST 53,2016,5646,754,4303,589,5968,2879,2235,410,315
Arkansas,2646,CAMDEN-FAIRVIEW SCHOOL DIST,2016,27852,3780,21673,2399,26504,12823,10794,1636,748
Arkansas,1010,HARMONY GROVE SCH DIST 1,2016,9881,1003,7924,954,9445,5120,3486,518,69
Arkansas,0,SOUTH CENTRAL SERV COOP,2016,3920,549,2599,772,3656,1202,2375,16,63
Arkansas,688,EAST END SCH DIST 1,2016,6645,713,5271,661,6095,3288,2224,428,19
Arkansas,952,PERRYVILLE SCH DIST 7,2016,9003,982,7279,742,9111,5178,2998,460,349
Arkansas,826,BARTON-LEXA SCHOOL DIST,2016,8295,930,6728,637,9137,4732,2582,469,1301
Arkansas,1455,HELENA-WEST HELENA SCHOOL DISTRICT 2,2016,19015,3383,14026,1606,18648,8634,7602,1316,819
Arkansas,391,MARVELL SCH DIST 22,2016,5970,1426,3878,666,5989,3258,2334,339,14
Arkansas,0,GREAT RIVERS COOPERATIVE,2016,5496,2032,2290,1174,7279,860,4072,0,2347
Arkansas,979,CENTERPOINT SCHOOL DISTRICT,2016,12975,1188,10343,1444,16488,4853,3292,526,7458
Arkansas,329,KIRBY SCH DIST 32,2016,4035,478,2904,653,3682,2118,1202,232,66
Arkansas,718,SOUTH PIKE COUNTY SCHOOL DISTRICT,2016,7599,798,5785,1016,7699,4042,2532,401,604
Arkansas,1229,HARRISBURG SCH DIST 6,2016,13673,1784,10207,1682,13876,7394,5522,694,81
Arkansas,754,EAST POINSETT CO SCH DIST,2016,7457,913,5958,586,7240,3909,2732,450,118
Arkansas,584,MARKED TREE SCH DIST 28,2016,6008,940,4504,564,5702,2743,2383,331,218
Arkansas,1694,TRUMANN SCH DIST 21,2016,19484,2301,15695,1488,15871,8837,5464,851,379
Arkansas,0,CROWLEY'S RIDGE EDUCATIONAL SERVICE COOPERATIVE,2016,6013,1113,3260,1640,5761,2341,3225,0,195
Arkansas,728,OUACHITA RIVER SCH DIST 30,2016,8363,1668,5996,699,8317,3387,3024,490,1312
Arkansas,1783,MENA SCH DIST,2016,18622,2803,13463,2356,19134,9725,5967,1290,1643
Arkansas,1066,COSSATOT RIVER SCHOOL DISTRICT,2016,12964,1711,9972,1281,12149,6094,4133,981,631
Arkansas,1047,ATKINS SCH DIST,2016,10669,1135,8535,999,17511,5849,3421,556,7403
Arkansas,1404,DOVER SCH DIST 17,2016,17431,1244,14755,1432,22070,6797,4597,833,9254
Arkansas,576,HECTOR SCH DIST 59,2016,6207,777,4868,562,5875,3065,2215,320,137
Arkansas,1735,POTTSVILLE SCH DIST 61,2016,16151,1166,13341,1644,15362,9196,4482,751,472
Arkansas,5461,RUSSELLVILLE SCH DIST 14,2016,62420,5624,46637,10159,59594,32381,20209,3487,1030
Arkansas,538,DES ARC SCH DIST #5,2016,5997,624,4700,673,6037,3169,1698,668,472
Arkansas,672,HAZEN SCH DIST,2016,6739,696,5071,972,6821,3489,2158,356,588
Arkansas,24797,LITTLE ROCK SCH DISTRICT,2016,357442,35368,272678,49396,351596,176128,125177,17004,13091
Arkansas,9009,NORTH LITTLE ROCK SCHOOL DISTRICT,2016,118230,12212,93953,12065,162597,49000,33468,4497,65745
Arkansas,17312,PULASKI CO SPECIAL SCHOOL DIST,2016,219695,17728,170159,31808,211217,99595,82148,9955,9733
Arkansas,478,MAYNARD SCH DIST,2016,5330,688,4179,463,6605,2444,1457,335,2302
Arkansas,1967,POCAHONTAS SCH DIST,2016,18377,1992,14594,1791,17043,10188,5020,1067,683
Arkansas,2763,FORREST CITY SCH DIST 7,2016,33334,7099,23770,2465,32815,16015,12874,2352,841
Arkansas,798,PALESTINE-WHEATLEY SCH DIST,2016,7475,676,6164,635,6880,3765,2264,255,478
Arkansas,1650,BAUXITE SCH DIST 14,2016,16302,1026,14028,1248,18394,7810,5171,717,4164
Arkansas,5141,BENTON SCH DIST 8,2016,50860,3412,41745,5703,49398,24379,14861,1944,5712
Arkansas,9089,BRYANT SCH DIST 25,2016,85232,5572,70729,8931,86637,45844,23731,2746,12574
Arkansas,1187,HARMONY GROVE SCH DIST 1,2016,10945,756,8953,1236,11118,6172,3791,480,381
Arkansas,1596,WALDRON SCH DIST,2016,16648,2845,12386,1417,19960,9225,5550,1194,3709
Arkansas,882,SEARCY COUNTY SCHOOL DISTRICT,2016,11428,1503,8657,1268,11849,5057,3771,644,2046
Arkansas,14919,FORT SMITH SCH DIST,2016,162698,21783,123421,17494,157176,83408,55749,9753,5299
Arkansas,3710,GREENWOOD SCH DIST,2016,38881,2413,31298,5170,43298,19254,12935,1513,8127
Arkansas,899,HACKETT SCH DIST,2016,12384,1006,9339,2039,9167,4998,3294,525,188
Arkansas,891,LAVACA SCH DIST,2016,9128,771,7186,1171,8313,4244,3182,440,54
Arkansas,831,MANSFIELD SCH DIST,2016,8850,930,6786,1134,8071,4118,3082,422,151
Arkansas,2431,DEQUEEN SCH DIST 17,2016,24278,3447,19003,1828,23004,12612,7928,1719,384
Arkansas,880,HORATIO SCH DIST 55,2016,9048,1160,7123,765,8314,4520,2822,562,192
Arkansas,0,DEQUEEN/MENA EDUCATIONAL COOP,2016,9672,4068,3494,2110,9363,4858,3415,923,167
Arkansas,1321,CAVE CITY SCH DIST 2 A,2016,13625,1677,10757,1191,12781,7013,3875,1143,489
Arkansas,1565,HIGHLAND SCH DIST,2016,15054,2071,11323,1660,15296,7757,5399,922,1118
Arkansas,1727,MOUNTAIN VIEW SCH DIST,2016,16588,2193,12849,1546,15729,9578,4947,899,270
Arkansas,4538,EL DORADO SCH DIST 15,2016,44029,5731,33290,5008,42590,21044,16109,2343,2045
Arkansas,660,JUNCTION CITY SCH DIST 75,2016,6491,617,4129,1745,9803,3185,2396,402,3574
Arkansas,864,PARKERS CHAPEL SCH DIST,2016,7405,493,5630,1282,8950,4266,2074,422,2078
Arkansas,1257,SMACKOVER SCH DIST 39,2016,17824,1198,11233,5393,16429,7119,7974,523,525
Arkansas,328,STRONG-HUTTIG SCHOOL DISTRICT,2016,4594,699,3304,591,5663,2129,2021,312,1166
Arkansas,1363,CLINTON SCH DIST 1,2016,15649,1687,11436,2526,15554,8157,5261,1031,494
Arkansas,383,SHIRLEY SCH DIST 3,2016,4994,526,3549,919,5513,2944,1860,332,310
Arkansas,511,SOUTH SIDE SCHOOL DISTRICT,2016,9340,658,6564,2118,7758,3917,3092,364,289
Arkansas,1151,ELKINS SCH DIST 10,2016,11336,928,9029,1379,12471,5261,4205,706,1887
Arkansas,2366,FARMINGTON SCH DIST 6,2016,23549,1768,19115,2666,23044,11728,7050,999,2254
Arkansas,9652,FAYETTEVILLE SCH DIST 1,2016,125138,9041,88864,27233,111389,59675,35238,4921,6573
Arkansas,889,GREENLAND SCH DIST 95,2016,9120,1218,6729,1173,9669,4507,3185,493,1238
Arkansas,1263,LINCOLN SCH DIST 48,2016,14476,2290,10739,1447,15932,6384,4979,995,3031
Arkansas,1881,PRAIRIE GROVE VALLEY SCH DIST 23,2016,19433,1376,15722,2335,20848,9611,5606,945,3899
Arkansas,22478,SPRINGDALE SCH DIST 50,2016,248500,33981,191876,22643,261034,126438,73629,12246,41352
Arkansas,1139,WEST FORK SCH DIST 141,2016,10784,932,8881,971,10148,5398,3738,629,59
Arkansas,0,NORTHWEST ARKANSAS EDUC SERV COOP,2016,5219,1129,2738,1352,4843,1209,3388,0,245
Arkansas,1268,BALD KNOB SCH DIST,2016,13507,1724,9946,1837,13859,6919,4449,798,1405
Arkansas,3390,BEEBE SCH DIST,2016,32513,2945,25560,4008,31462,17191,10159,2540,856
Arkansas,480,BRADFORD SCH DIST,2016,4949,657,3849,443,5294,2619,1685,367,501
Arkansas,760,WHITE CO CENTRAL SCHOOL DIST,2016,7906,827,6045,1034,8675,3964,2242,570,1716
Arkansas,1385,RIVERVIEW SCHOOL DISTRICT,2016,15157,2395,11390,1372,15237,7925,4648,1207,1323
Arkansas,733,PANGBURN SCH DIST,2016,8828,696,6507,1625,9374,4551,2978,612,882
Arkansas,857,ROSE BUD SCH DIST 35,2016,9003,815,6756,1432,8690,4660,2951,412,488
Arkansas,4146,SEARCY SCH DIST,2016,41472,3501,31915,6056,36259,20428,11962,2290,722
Arkansas,0,WILBUR D MILLS EDUC SERV COOP,2016,5634,1762,2635,1237,5893,1504,4198,5,186
Arkansas,429,AUGUSTA SCH DIST 10,2016,5260,954,3643,663,5388,2601,2148,357,183
Arkansas,623,MCCRORY SCH DIST 12,2016,7590,1141,5561,888,6899,3673,2165,372,541
Arkansas,889,DANVILLE SCH DIST,2016,9398,1437,7360,601,10396,4992,3386,586,1306
Arkansas,2093,DARDANELLE SCH DIST,2016,21063,2468,17077,1518,20243,11345,6851,1394,214
Arkansas,418,WESTERN YELL COUNTY SCHOOL DIST,2016,4888,747,3670,471,4713,2311,1830,316,146
Arkansas,887,TWO RIVERS SCH DIST 10,2016,9766,1845,7063,858,8910,4712,3162,669,150
California,2753,ALAMEDA CO OFFICE OF ED,2016,57185,5828,18260,33097,47264,8391,32529,908,490
California,5,ALPINE COUNTY SPECIAL SCHOOLS,2016,1416,269,963,184,1384,361,490,22,16
California,231,AMADOR CO SPL SCHS OPER BY CO SUPT,2016,12424,1112,5053,6259,12300,7130,4618,411,35
California,1116,BUTTE CO SPL SCHS OPER BY CO SUPT,2016,77357,27719,25770,23868,77371,23122,39008,1430,2574
California,569,CALAVERAS CO SPL SCHS OPER BY CO SUPT,2016,15353,1565,11239,2549,14691,5887,7452,792,87
California,8,COLUSA COUNTY OFFICE OF EDUCATION,2016,14243,3876,7135,3232,14797,5991,6138,2086,538
California,4192,CONTRA COSTA CO SPL SCHS OPER BY CO SUPT,2016,95832,3344,37330,55158,75862,28851,35775,8975,143
California,0,CONTRA COSTA CO ROP,2016,46251,14176,31974,101,45903,0,1522,0,0
California,588,DEL NORTE CO SPL SCHS OPER BY CO SUPT,2016,8426,1040,7286,100,7043,3533,3016,0,0
California,959,EL DORADO CO SPL SCHS OPER BY CO SUPT,2016,145837,25621,99530,20686,145467,20553,29125,3992,476
California,2253,OFFICE OF EDUC SPL SCHS OPER BY CO SUPT,2016,172682,37200,87861,47621,170747,60401,64116,6677,757
California,458,GLENN CO SPL SCHS OPER BY CO SUPT,2016,24611,5525,12436,6650,23025,7291,8773,5265,200
California,441,HUMBOLDT CO SPL SCH OPER BY CO SUPT,2016,46443,6829,24242,15372,45354,13211,17741,305,930
California,585,IMPERIAL CO SPL SCHS OPER BY CO SUPT,2016,110621,23277,54513,32831,105420,20430,53639,6607,1531
California,2014,INYO CO SPL SCHS OPER BY CO SUPT,2016,36197,2838,27093,6266,38088,12741,18974,3079,688
California,4468,KERN CO SPL SCHS OPER BY CO SUPT,2016,316980,59831,147367,109782,273243,49960,100314,45331,3226
California,387,KINGS CO SPL SCHS OPER BY CO SUPT,2016,51472,12235,23181,16056,45621,7162,21134,1066,608
California,34,LAKE COUNTY OFFICE OF EDUCATION,2016,18701,4138,9480,5083,17185,3086,6319,1198,258
California,25,LASSEN CO SPL SCHS OPER BY CO SUPT,2016,12058,2313,7251,2494,11116,3681,4620,1353,246
California,7687,LOS ANGELES CO OFF OF EDUCATION,2016,721272,258276,285726,177270,689083,216584,280453,35290,5401
California,958,MADERA CO SPL SCHS OPER BY CO SUPT,2016,55160,11844,26525,16791,49485,16483,19550,1034,2083
California,257,MARIN CO SPECIAL SCHOOLS,2016,59935,8173,6922,44840,55689,13077,16783,3731,53
California,0,MARIN COUNTY ROP,2016,2805,0,0,2805,2790,0,2790,0,0
California,42,MARIPOSA CO SPL SCHS OPER BY CO SUPT,2016,4358,621,1568,2169,3568,1662,1531,68,90
California,93,MENDOCINO CO SPL SCHS OPER BY CO SUPT,2016,31882,5423,18929,7530,29414,5690,10504,321,21
California,1173,MERCED CO SPL SCHS OPER BY CO SUPT,2016,123513,37485,55390,30638,119356,32417,45373,13866,2735
California,40,MODOC CO SPL SCHS OPER BY CO SUPT,2016,7900,2581,3984,1335,7831,2289,3485,1303,189
California,511,MONO CO SPECIAL SCHOOLS,2016,11869,1000,6596,4273,10520,2391,5630,765,26
California,1943,MONTEREY CO SPECIAL SCHOOLS,2016,149637,42124,54800,52713,148412,41898,51012,936,1003
California,111,NAPA CO SPL SCHS OPER BY CO SUPT,2016,50835,13674,10482,26679,38785,9473,18664,5225,252
California,3520,NEVADA CO SPL SCHS OPER BY CO SUPT,2016,32854,4183,21874,6797,34402,13412,9909,1349,2224
California,5037,ORANGE COUNTY DEPARTMENT OF EDUCATION,2016,287144,36284,68745,182115,258028,70843,108770,21195,2871
California,673,PLACER CO SPL SCHS OPER BY CO SUPT,2016,109111,16083,41743,51285,101421,16842,27582,10251,3004
California,24,PLUMAS COUNTY SPECIAL SCHOOLS,2016,4394,1548,2008,838,4161,1224,1675,53,0
California,8368,RIVERSIDE CO SPL SCHS OPER BY CO SUPT,2016,315912,67441,117095,131376,305764,104112,143287,35810,12956
California,2039,SACRAMENTO CO SPL SCHS OPER BY CO SUPT,2016,153356,23669,76761,52926,142192,25851,48245,14942,795
California,67,SAN BENITO CO SPL SCHS OPER BY CO SUPT,2016,17851,1469,9259,7123,16348,3863,4984,316,42
California,2872,SAN BERNARDINO COUNTY OFFICE OF EDUCATION,2016,406099,69612,231430,105057,393762,87748,132524,9859,2747
California,3486,SAN DIEGO CO SPL SCHS OPER BY CO SUPT,2016,500666,77942,272164,150560,449303,48285,159666,1621,8711
California,3585,SAN JOAQUIN CO SPL SCHS,2016,207717,34837,100612,72268,193557,50095,60312,30195,7179
California,0,SAN JOAQUIN COUNTY ROC/P,2016,3050,0,0,3050,2735,0,0,2710,25
California,477,SAN LUIS OBISPO CO SPL SCHS OPER BY CO SUPT,2016,53468,8891,16803,27774,43603,8969,15873,1704,311
California,308,SAN MATEO CO SPL SCHS OPER BY CO SUPT,2016,162475,19003,23079,120393,149675,32421,43337,76,586
California,276,SANTA BARBARA CO SPL SCHS OPER BY CO SUPT,2016,82191,8173,36284,37734,63880,21961,28953,12270,659
California,10795,SANTA CLARA CO SPL SCHS OPER BY CO SUPT,2016,279944,74427,36897,168620,262814,95831,94288,6590,5224
California,0,NORTH COUNTY REGIONAL OCCUPATIONAL CENTER/PROGRAM (ROC/P),2016,1917,0,20,1897,1945,1945,0,0,0
California,1352,SANTA CRUZ CO SPL SCHS OPER BY CO SUPT,2016,56226,7594,28344,20288,60966,14689,21545,3579,9588
California,641,SHASTA CO SPL SCHS OPER BY CO SUPT,2016,62474,12506,34487,15481,60863,10562,19661,10801,1383
California,0,SIERRA CO SPL SCHS OPER BY CO SUPT,2016,2216,503,1445,268,1825,576,908,0,6
California,504,SISKIYOU CO SPECIAL SCHOOLS,2016,23704,5002,14565,4137,20623,6612,10038,258,164
California,488,SOLANO CO SPL SCHS OPER BY CO SUPT,2016,64504,12490,31353,20661,64209,25352,22654,132,666
California,615,SONOMA CO SPL SCHS,2016,128126,22733,57190,48203,121890,22688,32259,3834,1326
California,2332,STANISLAUS CO SPL SCHS OPER BY CO SUPT,2016,206014,49324,70942,85748,195805,62760,62350,5214,6813
California,435,SUTTER CO SPL SCHS OPER BY CO SUPT,2016,41622,7113,23593,10916,41068,11177,17224,3392,1309
California,228,TEHAMA CO SPECIAL SCHOOLS,2016,28241,4865,14913,8463,25735,8582,10882,961,340
California,15,TRINITY COUNTY OFFICE OF EDUCATION,2016,7842,2104,3905,1833,7318,265,3304,8,45
California,2652,TULARE CO SPL SCHS OPER BY CO SUPT,2016,217216,58285,118710,40221,215425,60578,65512,38165,9667
California,208,TUOLUMNE COUNTY SELPA,2016,12035,1987,6199,3849,11484,4476,6331,354,288
California,3100,VENTURA CO SPL SCHS OPER BY CO SUPT,2016,223997,35994,121522,66481,221775,52295,68666,4955,1460
California,0,VENTURA COUNTY ROP,2016,1294,0,0,1294,1162,0,1162,0,0
California,519,YOLO COUNTY SPECIAL SCHOOLS OPERATED BY CO SUPT,2016,43918,11527,19846,12545,42058,11308,13846,501,958
California,595,YUBA CO SPL SCHS OPER BY CO SUPT,2016,27877,4977,14304,8596,27088,7948,8095,1398,718
California,11101,ALAMEDA UNIFIED SCH DIST,2016,137319,5903,66879,64537,127572,69303,37108,5236,10658
California,3822,ALBANY CITY UNIFIED SCH DIST,2016,72752,5991,44317,22444,70779,30597,16273,3670,1631
California,10462,BERKELEY UNIFIED SCH DIST,2016,185811,8237,71167,106407,186331,84223,56730,12700,20614
California,9366,CASTRO VAL UNIFIED SCH DIST,2016,136906,11318,93178,32410,129177,58838,32555,6435,1763
California,698,EMERY UNI SCH DIST,2016,33028,1714,2151,29163,59359,6344,5727,459,43950
California,22846,HAYWARD UNIFIED SCHOOL DISTRICT,2016,305511,30476,176894,98141,290029,156758,95161,11260,9375
California,19,MOUNTAIN HOUSE ELEM SCH,2016,537,28,259,250,471,198,261,12,0
California,6013,NEWARK UNIF SCH DIST,2016,83360,4596,41455,37309,89053,41417,25546,3311,14029
California,49098,OAKLAND UNIF SCH DIST,2016,688124,65125,363217,259782,676808,306558,215462,35237,65916
California,2708,PIEDMONT CITY UNIF SCH DIST,2016,51610,1206,17560,32844,46681,27216,15390,863,775
California,14754,PLEASANTON UNIFIED SCH DIST,2016,187689,8230,97611,81848,174535,101845,46561,7230,166
California,8560,SAN LEANDRO UNI SCH DIST,2016,117442,7691,66406,43345,115280,59687,32143,6092,8704
California,11965,SAN LORENZO UNIFIED SCHOOL DIST,2016,143384,9045,94466,39873,132589,73090,43088,5592,3280
California,281,SUNOL GLEN ELEM SCH DIST,2016,3613,60,1341,2212,3401,1846,1345,19,29
California,0,TRI-VALLEY ROP JPA,2016,7597,120,2653,4824,5428,2183,1336,1888,21
California,0,EDEN AREA ROP JPA,2016,8984,164,1405,7415,8916,4740,3706,261,209
California,0,MISSION VALLEY ROC/P JPA,2016,8596,0,1721,6875,7122,4143,2941,0,38
California,9965,DUBLIN UNIF SCH DISTRICT,2016,124319,1961,51634,70724,121044,63353,35641,2342,11373
California,34852,FREMONT UNIF SCHOOL DIST,2016,424426,17767,231148,175511,463644,227990,105369,10974,89354
California,12171,NEW HAVEN UNIFIED SCHOOL DIST,2016,164087,15634,90427,58026,146567,80460,44108,6365,6039
California,14052,LIVERMORE VALLEY JT UNIFIED SCH DIST,2016,153807,6271,73820,73716,141566,81450,47049,3720,3886
California,80,ALPINE CO UNIF SCH DIST,2016,3098,567,921,1610,2832,1098,1528,114,92
California,3829,AMADOR CO UNIF SCH DIST,2016,40459,1895,14153,24411,37750,18135,12936,1453,485
California,111,BANGOR UNION ELEMENTARY SCH DIST,2016,1506,131,1031,344,1357,718,481,73,20
California,602,BIGGS UNIFIED SCH DIST,2016,8125,597,4434,3094,7262,3999,2459,384,212
California,983,DURHAM UNIFIED SCH DIST,2016,11758,512,6814,4432,10871,6163,3384,304,768
California,65,FEATHER FALLS UNION ELEM SCH DIST,2016,497,71,231,195,455,218,184,39,0
California,276,MANZANITA ELEM SCH DIST,2016,3155,207,2414,534,2754,1699,779,143,44
California,2654,OROVILLE CITY ELEM SCH DIST,2016,30840,3005,20884,6951,28224,16257,9213,1359,1001
California,2227,OROVILLE UNION HIGH SCHOOL DIST,2016,33113,2332,19374,11407,29962,15121,9617,2320,1241
California,1233,PALERMO UNION ELEM SCH DIST,2016,16117,1453,12771,1893,14814,8785,4701,845,16
California,4289,PARADISE UNIFIED SCHOOL DISTRICT,2016,45044,3383,27593,14068,41685,25931,12582,1865,1035
California,1445,THERMALITO UNION ELEM SCH DIST,2016,20255,3690,14545,2020,17978,9844,5750,1779,213
California,2068,GRIDLEY UNIFIED SCHOOL DISTRICT,2016,24958,1693,17805,5460,22953,13538,6957,966,718
California,13849,CHICO UNIF SCHOOL DIST,2016,166418,11900,90504,64014,157166,82639,44100,4327,22594
California,180,GOLDEN FEATHER UNION SCHOOL DISTRICT,2016,2693,120,1479,1094,1610,872,656,12,34
California,57,PIONEER UNION ELEM SCHOOL DIST,2016,1086,141,406,539,1115,478,491,100,28
California,716,BRET HARTE UNION HIGH SCH DIST,2016,12368,361,1757,10250,11677,5887,4508,331,305
California,2996,CALAVERAS UNI SCH DIST,2016,36407,1877,14163,20367,34988,17628,10607,1483,3797
California,804,MARK TWAIN UNION ELEM SCHOOL DIST,2016,8921,525,3977,4419,7788,4100,2660,384,408
California,564,VALLECITO UNION ELEM SCH DIST,2016,8895,569,1785,6541,8096,4195,3073,273,59
California,1462,COLUSA UNIFIED SCH DIST,2016,17206,1139,11877,4190,18363,9505,4766,614,2759
California,329,MAXWELL UNIF SCH DIST,2016,4664,306,2864,1494,4413,2541,1548,195,47
California,1345,WILLIAMS UNIFIED SCH DIST,2016,16265,982,11582,3701,14564,8378,4268,934,264
California,1486,PIERCE J. T. UNIFIED SCHOOL DIST,2016,17756,910,11778,5068,15294,8736,4812,705,397
California,5546,ACALANES UNION HIGH SCHOOL DIST,2016,88189,1511,14268,72410,87370,42377,29319,1809,5966
California,17874,ANTIOCH UNIFIED SCH DIST,2016,212392,13756,142162,56474,213482,122653,60534,8264,17069
California,8738,BRENTWOOD SCHOOL DISTRICT,2016,92184,4000,58019,30165,87261,57959,24005,2051,288
California,2198,BYRON UNION ELEM SCH DIST,2016,18840,882,9913,8045,19640,9810,6236,1148,78
California,70,CANYON ELEM SCH DIST,2016,895,39,678,178,860,471,326,59,0
California,1754,JOHN SWETT UNIFIED SCH DIST,2016,22559,1616,9878,11065,20777,11963,6665,798,122
California,534,KNIGHTSEN ELEM SCH DIST,2016,9022,304,3218,5500,9242,3365,1978,207,3692
California,3576,LAFAYETTE ELEM SCH DIST,2016,42131,820,13805,27506,42477,29073,11952,38,880
California,8185,LIBERTY UNION HIGH SCHOOL DIST,2016,97372,3080,52607,41685,91771,49114,27674,5410,5138
California,4199,MARTINEZ UNIFIED SCHOOL DISTRICT,2016,50520,2147,21704,26669,55048,27859,13751,3209,5873
California,1886,MORAGA SCHOOL DISTRICT,2016,24403,404,7811,16188,23002,14373,7054,922,285
California,32005,MT DIABLO UNIFIED SCHOOL DISTRICT,2016,422487,30027,211814,180646,381568,213606,113834,15562,16638
California,5008,OAKLEY UNION ELEMENTARY SCHOOL DISTRICT,2016,54747,2542,31993,20212,53230,30510,15641,2149,3406
California,2537,ORINDA UNION ELEMENTARY SCHOOL DISTRICT,2016,33854,494,10738,22622,34700,20164,9466,999,3458
California,11076,PITTSBURG UNIFIED SCHOOL DISTRICT,2016,158914,10922,108604,39388,143662,72079,41309,8909,13375
California,30973,WEST CONTRA COSTA UNIFIED SCHOOL DISTRICT,2016,467554,36440,243810,187304,471241,181914,136735,17648,89648
California,32255,SAN RAMON VALLEY UNIFIED SCHOOL DISTRICT,2016,377508,6856,150229,220423,389923,208067,107590,6944,43527
California,3613,WALNUT CREEK ELEM SCHOOL DISTRICT,2016,40114,1138,10312,28664,37971,24190,10815,978,1215
California,3572,DEL NORTE CO UNIF SCH DIST,2016,46079,6234,27473,12372,43730,24544,14582,1965,2096
California,5218,BUCKEYE UNION SCH DIST,2016,53789,1416,31317,21056,49552,28646,13616,1147,1515
California,634,GOLD TRAIL UNION ELEM SCH DIST,2016,6516,285,3851,2380,6316,3992,1891,208,169
California,512,CAMINO UNION ELEM,2016,5878,335,3582,1961,5373,3536,1635,159,0
California,6688,EL DORADO UN HIGH SCHOOL DIST,2016,83333,2226,39302,41805,79225,40935,29865,1512,2556
California,1317,BLACK OAK MINE UNIF SCH DIST,2016,15345,882,7045,7418,15581,8837,5634,413,318
California,479,GOLD OAK UN ELEM SCH DIST,2016,5378,255,3012,2111,4839,2666,1717,162,0
California,19,INDIAN DIGGINGS ELEM SCH,2016,253,21,147,85,250,179,71,0,0
California,3996,LAKE TAHOE UNI SCH DIST,2016,50106,3024,23700,23382,46959,27299,14200,1282,1107
California,136,LATROBE ELEM SCH DIST,2016,2580,53,348,2179,2521,1013,789,3,693
California,1063,MOTHER LODE UNION ELEM SCH DT,2016,11889,773,6688,4428,10848,6539,3620,415,32
California,304,PIONEER UNION SCH DIST,2016,3869,232,1646,1991,3570,1701,1623,172,27
California,1277,PLACERVILLE UNION ELEM SCH DT,2016,14340,1026,8412,4902,13813,7212,4378,520,1396
California,697,POLLOCK PINES ELEM SCH DIST,2016,8214,540,4620,3054,8402,4324,2801,443,636
California,3672,RESCUE ELEMENTARY SCHOOL DISTRICT,2016,38034,1099,21541,15394,37533,21909,10697,981,2681
California,16,SILVER FORK ELEM SCH DIST,2016,488,27,222,239,447,266,141,20,20
California,0,CENTRAL SIERRA ROP JPA,2016,396,0,34,362,584,532,29,0,0
California,183,ALVINA ELEM SCH DIST,2016,2143,120,1752,271,1977,1085,881,1,0
California,59,BIG CREEK ELEM SCH DIST,2016,1505,171,385,949,1502,559,580,46,287
California,120,BURREL UNION ELEM SCH DIST,2016,1953,224,1235,494,1753,825,584,131,199
California,1075,CHAWANAKEE JOINT UNIFIED SCHOOL DISTRICT,2016,14506,695,8042,5769,13126,5778,5694,548,65
California,236,CLAY JOINT ELEM SCH DIST,2016,2427,102,2001,324,2097,1282,739,38,38
California,41883,CLOVIS UNIFIED SCHOOL DISTRICT,2016,525037,26765,349760,148512,535562,252032,153092,17481,100496
California,2266,FIREBAUGH-LAS DELTAS UNIFIED SCHOOL DIST,2016,33219,3631,22963,6625,30781,15076,10991,3424,543
California,2531,FOWLER UNIFIED SCH DIST,2016,33614,2803,21571,9240,31003,17277,8110,1823,3023
California,73460,FRESNO UNIFIED SCH DIST,2016,998861,120771,754367,123723,976267,531562,320310,62376,42678
California,5064,KERMAN UNIF SCH DIST,2016,64911,5370,49984,9557,57993,28744,18635,2733,7766
California,2252,KINGSBURG JOINT UNION ELEMENTARY SCHOOL DISTRICT,2016,25188,1950,18501,4737,25901,12093,9253,994,3025
California,1186,KINGSBURG JT UN HIGH SCHOOL DIST,2016,16383,912,9275,6196,17273,8105,5404,189,2297
California,701,LATON JT UNIF SCHOOL DISTRICT,2016,9880,826,7424,1630,9017,4896,3297,541,246
California,3215,MENDOTA UNIFIED SCHOOL DIST,2016,44834,5172,32736,6926,37178,19598,12758,2369,1427
California,172,MONROE ELEM SCH DIST,2016,2475,351,1916,208,2318,1222,865,128,27
California,963,ORANGE CENTER SCHOOL DISTRICT,2016,4415,565,2967,883,4267,2215,1563,283,201
California,3381,PARLIER UNIFIED SCH DIST,2016,46432,5467,36863,4102,49093,23017,19243,2767,3337
California,85,PINE RIDGE ELEM SCH DIST,2016,2519,69,541,1909,2715,1163,994,72,481
California,891,RAISIN CITY ELEM SCH DIST,2016,12470,711,10887,872,11159,5430,5090,317,90
California,9717,KINGS CANYON UNIFIED SCHOOL DIST,2016,138911,13456,104673,20782,134747,61029,43284,6934,18391
California,11438,SANGER UNIF SCH DIST,2016,152207,12657,109706,29844,161119,69432,46081,7225,32391
California,6541,SELMA UNIFIED SCH DIST,2016,84170,9130,64514,10526,79139,45566,25664,4755,759
California,1311,SIERRA UNIFIED SCHOOL DISTRICT,2016,17838,1366,7219,9253,15495,8498,5911,632,346
California,1778,GOLDEN PLAINS UNIFIED SCH DIST,2016,27933,3065,18768,6100,25880,11241,8986,1302,4159
California,425,WASHINGTON COLONY ELEM SCHOOL DIST,2016,5401,604,4193,604,4676,2857,1441,286,58
California,3045,WASHINGTON UNIFIED SCHOOL DISTRICT,2016,38607,3974,28616,6017,37499,19164,13882,1298,1523
California,627,WEST PARK ELEM SCH DIST,2016,8062,636,6881,545,7408,4100,2928,338,20
California,964,WESTSIDE ELEM SCH DIST,2016,13084,478,11262,1344,11492,5204,5708,228,101
California,0,CENTER FOR ADVANCED RESEARCH AND TECHNOLOGY,2016,2460,0,0,2460,2659,1112,1442,0,105
California,0,VALLEY ROP JPA,2016,4718,0,393,4325,4104,2665,1406,0,33
California,1610,RIVERDALE JOINT UNIFIED SCHOOL DISTRICT,2016,22094,1636,14552,5906,23386,10381,6481,1036,5088
California,0,CENTRAL VALLEY PRE-SCHOOL JPA,2016,419,0,417,2,415,305,110,0,0
California,1424,CARUTHERS UNIFIED SCHOOL DISTRICT,2016,20401,2015,14320,4066,22828,9525,6724,1187,4785
California,0,SOUTHWEST TRANSPORTATION AGENCY,2016,6146,0,1079,5067,5363,0,3941,0,1356
California,0,SOUTH COUNTY SUPPORT SERVICES AGENCY,2016,3493,0,0,3493,3343,0,1333,0,0
California,0,CENTRAL VALLEY SUPPORT SERVICES JPA,2016,7647,1682,0,5965,3890,0,122,0,0
California,579,PACIFIC ELEM SCH DIST,2016,4866,608,3690,568,4361,2281,1645,312,83
California,15717,CENTRAL UNIFIED SCHOOL DIST,2016,188909,15068,138496,35345,170687,83185,59297,10296,5171
California,4447,COALINGA HURON JT UNIFIED SCH DIST,2016,55924,6260,40036,9628,54128,28713,19806,2616,1913
California,189,CAPAY JT UNION ELEM SCH DIST,2016,2074,121,1525,428,1961,1162,538,126,22
California,738,HAMILTON UNIFIED SCHOOL DISTRICT,2016,9591,702,6990,1899,9010,4407,3405,552,187
California,174,LAKE ELEM SCH DIST,2016,1856,111,1438,307,2019,975,491,131,280
California,190,PLAZA ELEM SCH DIST,2016,2024,110,1311,603,1749,982,429,123,100
California,1435,WILLOWS UNIFIED SCH DIST,2016,16204,1192,10327,4685,14374,7383,4688,680,548
California,2183,ORLAND JOINT UNIFIED SCHOOL DISTRICT,2016,26872,2062,18005,6805,25079,14048,7138,1044,1194
California,164,PRINCETON JT UNIFIED SCH DIST,2016,2893,141,1325,1427,4744,1048,1272,154,2009
California,98,STONEY CREEK JT UNIF SCH DIST,2016,2222,403,1431,388,1988,966,840,70,24
California,1067,ARCATA ELEM SCH DIST,2016,13893,1250,7534,5109,12415,6815,3896,1007,49
California,1790,NORTHERN HUMBOLDT UHSD,2016,23921,1374,11805,10742,27725,13683,7388,627,5005
California,175,BLUE LAKE ELEM SCH DIST,2016,2388,237,1061,1090,2172,1384,545,118,35
California,34,BRIDGEVILLE ELEM SCH DIST,2016,655,77,402,176,657,346,277,32,0
California,120,CUDDEBACK ELEM SCH DIST,2016,1543,100,1028,415,1353,778,445,113,0
California,605,CUTTEN ELEM SCH DIST,2016,5996,454,4364,1178,5086,3465,1245,189,80
California,147,FIELDBROOK ELEM SCH DIST,2016,1551,71,987,493,1332,836,421,53,1
California,1374,FORTUNA ELEMENTARY SCHOOL DISTRICT,2016,17085,2159,10951,3975,15326,9837,3817,734,121
California,1134,FORTUNA UNION HIGH SCHOOL DIST,2016,14177,537,7894,5746,13741,6980,5188,301,522
California,318,FRESHWATER ELEM SCH DIST,2016,3763,185,2496,1082,3384,2255,824,256,0
California,60,GARFIELD ELEM SCH DIST,2016,662,36,519,107,711,430,236,44,0
California,10,GREEN POINT ELEM SCH DIST,2016,271,22,211,38,265,155,109,1,0
California,197,HYDESVILLE ELEM SCH DIST,2016,1983,91,1290,602,2771,1150,527,94,913
California,432,JACOBY CREEK ELEM SCH DIST,2016,4186,147,2865,1174,3790,2450,973,234,0
California,1073,KLAMATH TRINITY JT UNIFIED JT SCH DIST,2016,36466,6462,27163,2841,41116,9637,7038,799,23190
California,25,KNEELAND ELEM SCH DIST,2016,467,27,352,88,476,266,208,2,0
California,291,LOLETA UNION ELEM SCH DIST,2016,3961,480,2957,524,3568,1853,1581,96,0
California,12,MAPLE CREEK SCH DIST,2016,407,34,320,53,371,218,151,2,0
California,721,MATTOLE UNIFIED SCHOOL DISTRICT,2016,7654,125,6776,753,8697,5209,2900,58,525
California,1156,MCKINLEYVILLE UNION ELEM SCH DIST,2016,12664,950,5861,5853,13162,7242,3354,464,1237
California,16,ORICK ELEM SCH DIST,2016,485,35,317,133,425,187,218,20,0
California,23,BIG LAGOON ELEM SCH DIST,2016,593,41,337,215,568,269,274,25,0
California,325,RIO DELL ELEM SCH DIST,2016,4060,374,3038,648,3534,2363,879,178,10
California,222,SCOTIA UNION ELEM SCH DIST,2016,2368,186,1846,336,2361,1419,608,132,184
California,933,SOUTH BAY UNION ELEM SCH DIST,2016,10658,909,8248,1501,8718,5449,2485,335,74
California,800,SOUTH HUMBOLOT JT UNIF SCH DIST,2016,11181,662,4726,5793,10924,5580,3558,221,876
California,177,TRINIDAD UNION ELEM SCH DIST,2016,2128,216,1179,733,1979,1198,536,116,0
California,525,FERNDALE UNIFIED SCHOOL DISTRICT,2016,6317,306,3958,2053,5587,3494,1572,162,68
California,3734,EUREKA CITY UNIFIED SCHOOL DISTRICT,2016,50483,5418,24858,20207,48058,22333,17637,3071,1841
California,388,PACIFIC UNION ELEM SCH DIST,2016,6093,389,3918,1786,5308,3435,1404,312,16
California,34,PENINSULA UNION SCH DIST,2016,696,57,519,120,719,284,317,39,49
California,3911,BRAWLEY ELEM SCH DIST,2016,48050,4502,38393,5155,47233,27499,14057,2119,2717
California,1885,BRAWLEY UNION HIGH SCHOOL DIST,2016,29592,1653,23159,4780,26580,11843,7567,906,5826
California,9266,CALEXICO UNIF SCH DIST,2016,127596,10373,99716,17507,122975,62777,43400,4907,9683
California,1144,CALIPATRIA UNIFIED SCH DIST,2016,19096,1183,9491,8422,17363,8004,5761,560,2180
California,4120,CENTRAL UNION HIGH SCHOOL DIST,2016,55335,3535,43124,8676,51286,26927,18034,2699,2713
California,6231,EL CENTRO ELEM SCH DIST,2016,66670,7127,50894,8649,58425,34084,19765,3211,561
California,1218,HEBER ELEM SCH DIST,2016,15479,1274,11991,2214,15348,8806,4665,837,926
California,1585,HOLTVILLE UNIF SCH DIST,2016,21755,1721,14941,5093,19074,10573,6813,1203,59
California,4036,IMPERIAL UNIF SCH DIST,2016,45628,2108,32357,11163,42037,24907,12961,1441,1368
California,124,MAGNOLIA UNION ELEM SCH DIST,2016,1239,24,1005,210,1183,794,316,64,9
California,1364,MCCABE UNION ELEM SCH DIST,2016,13927,478,10477,2972,13205,7540,3830,497,998
California,459,MEADOWS ELEM SCH DIST,2016,6041,726,4321,994,5586,3288,1679,522,50
California,76,MULBERRY ELEM SCH DIST,2016,1011,57,698,256,900,400,386,86,21
California,725,SAN PASQUAL VAL UNIFIED SCH DIST,2016,15552,5030,8368,2154,14878,7656,5934,615,634
California,337,SEELEY UNION ELEM SCH DIST,2016,4839,579,3594,666,4615,2461,1852,269,14
California,359,WESTMORLAND UNION ELEM SCH DT,2016,5258,679,3557,1022,5183,2598,1823,350,352
California,0,IMPERIAL VALLEY ROP JPA,2016,6649,1713,307,4629,6798,1684,4758,285,71
California,172,BIG PINE UNI SCH DIST,2016,4131,694,968,2469,3934,1788,1604,139,305
California,29,DEATH VALLEY UNIF SCH DIST,2016,1372,69,437,866,1245,488,679,60,18
California,342,LONE PINE UNIF SCH DIST,2016,6860,424,1217,5219,7227,3220,2409,261,456
California,75,OWENS VALLEY UNIFIED SCH DIST,2016,2075,83,245,1747,2382,965,948,53,263
California,134,ROUND VALLEY ELEM SCH DIST,2016,1821,129,768,924,1766,862,586,74,191
California,1932,BISHOP UNIFIED SCHOOL DISTRICT,2016,22883,2356,8707,11820,23182,14037,7478,643,827
California,0,INYO COUNTY CAREER TECHNICAL EDUCATION,2016,522,0,0,522,522,516,6,0,0
California,3069,ARVIN UNION SCH DIST,2016,43418,4795,30322,8301,39950,21430,12868,3057,1201
California,30222,BAKERSFIELD ELEM SCH DIST,2016,389569,45056,315018,29495,368290,217353,110629,21113,15986
California,1782,BEARDSLEY ELEM SCH DIST,2016,22592,2119,13251,7222,19517,10616,6139,1003,123
California,36,BELRIDGE ELEM SCH DIST,2016,1962,21,148,1793,1221,627,552,38,0
California,8,BLAKE ELEM SCH DIST,2016,223,21,124,78,226,105,93,7,15
California,379,BUTTONWILLOW UNION ELEM SCH DT,2016,5597,558,4208,831,5040,2306,1685,244,360
California,53,CALIENTE UNION ELEM SCH DIST,2016,1173,65,564,544,1044,363,575,17,78
California,7415,DELANO UNION ELEM SCH DIST,2016,104673,10483,78597,15593,91743,50784,28972,6919,1733
California,4205,DELANO JT UNION HIGH SCHOOL DIST,2016,68194,7777,47426,12991,58088,27246,22473,3973,2481
California,213,DI GIORGIO ELEM SCH DISTRICT,2016,3092,356,2210,526,2521,1330,861,219,21
California,1074,EDISON ELEM SCH DIST,2016,14387,1426,10785,2176,14750,7310,4414,876,1386
California,196,ELK HILLS ELEM SCH DIST,2016,2819,101,1751,967,2588,1158,850,133,40
California,764,EL TEJON UNIFIED SCH DIST,2016,9688,764,4503,4421,9120,4531,3017,648,72
California,2540,FAIRFAX ELEM SCH DIST,2016,32325,3075,25412,3838,30479,17231,9270,1812,899
California,3237,FRUITVALE ELEM SCH DIST,2016,35745,1856,24018,9871,31713,19185,8831,1578,649
California,9271,GREENFIELD UNION SCHOOL DISTRICT,2016,114041,11630,89723,12688,107140,57502,30110,5875,6093
California,38070,KERN HIGH SCHOOL DISTRICT,2016,524983,36159,344484,144340,492443,231204,182962,29271,38423
California,877,KERNVILLE UNION ELEM SCH DIST,2016,11795,1257,6903,3635,12384,5222,3978,694,1303
California,1318,LAKESIDE UNION ELEMENTARY SCHOOL DISTRICT,2016,15362,584,10749,4029,14060,8238,3816,527,189
California,26,LINNS VAL-POSO FLAT UNION SCH DIST,2016,637,104,197,336,796,282,327,18,102
California,554,LOST HILLS UNION ELEM SCH DIST,2016,9906,1598,2203,6105,8513,4251,2762,509,341
California,288,MAPLE ELEM SCH DIST,2016,3340,149,2406,785,3026,1584,952,104,313
California,2138,MARICOPA UNI SCH DIST,2016,8030,751,3890,3389,5855,2828,1953,187,87
California,3544,MCFARLAND UNIFIED SCHOOL DIST,2016,47811,4078,32116,11617,46865,20649,12817,2313,8928
California,75,MCKITTRICK ELEM SCH DIST,2016,2749,16,429,2304,2116,1089,960,16,43
California,94,MIDWAY ELEM SCH DIST,2016,4055,51,383,3621,2643,1538,787,92,0
California,2713,MOJAVE UNIFIED SCHOOL DISTRICT,2016,38692,3762,12989,21941,36425,18341,13396,1484,1097
California,3034,LAMONT ELEM SCH DIST,2016,40591,5457,30817,4317,38320,20460,13123,3293,902
California,1916,MUROC UNIF SCH DIST,2016,23079,3937,12287,6855,21900,12406,8665,488,159
California,4073,NORRIS ELEM SCH DIST,2016,45947,1069,30472,14406,46018,19896,8876,1672,10370
California,17545,PANAMA BUENA VISTA UNION SCH DT,2016,203022,14035,160675,28312,220466,103946,55094,9559,38057
California,219,POND UNION ELEM SCH DIST,2016,3076,256,1922,898,2673,1399,826,136,239
California,3508,RICHLAND-LERDO ELEMENTARY,2016,45437,4841,33043,7553,38212,21805,11277,3114,142
California,1040,RIO BRAVO-GREELEY UNION SCHOOL DIST,2016,12471,782,6330,5359,10622,5966,3116,582,119
California,5514,ROSEDALE UNION ELEM SCH DIST,2016,70580,2060,38726,29794,68684,31077,22573,2629,10238
California,214,SEMITROPIC ELEM SCH DIST,2016,2966,243,1983,740,2798,1265,1063,164,210
California,153,GEN SHAFTER ELEM SCH DIST,2016,2961,151,546,2264,2590,1168,1101,125,125
California,3214,SOUTHERN KERN UNIF SCHOOL DIST,2016,41885,3729,26617,11539,43476,21648,13917,2233,4381
California,241,SOUTH FORK UNION SCHOOL DISTRICT,2016,3261,399,2165,697,3005,1409,1277,271,22
California,3068,STANDARD SCH DIST,2016,38387,4108,21717,12562,39772,20513,9636,2205,5352
California,2099,TAFT CITY SCHOOL DISTRICT,2016,30587,2804,14003,13780,29365,13798,7554,2189,3556
California,1048,TAFT UNION HIGH SCHOOL DIST,2016,30537,159,17735,12643,33759,13559,11121,1299,2794
California,4232,TEHACHAPI UNIF SCHOOL DIST,2016,48156,2625,27876,17655,44741,23813,15619,1370,1287
California,795,VINELAND ELEM SCH DIST,2016,11108,1860,7855,1393,9433,4828,2751,729,641
California,3641,WASCO UNION ELEM SCH DIST,2016,47650,4286,34645,8719,44497,21945,13108,3366,3937
California,1826,WASCO UNION HIGH SCHOOL DIST,2016,26967,1568,10783,14616,25152,10734,8910,733,1815
California,0,WEST SIDE ROP JPA,2016,921,90,28,803,1115,629,416,40,30
California,0,NORTH KERN VOCATIONAL TRAINING CENTER JPA,2016,1327,0,0,1327,1390,582,800,0,8
California,4963,SIERRA SANDS UNIFIED SCHOOL DISTRICT,2016,65816,11760,43101,10955,59890,28804,19871,2130,7907
California,1608,ARMONA UNION ELEMENTARY SCHOOL DISTRICT,2016,15222,1341,11733,2148,12595,6897,3869,758,843
California,1706,CENTRAL UNION ELEMENTARY SCHOOL DISTRICT,2016,26088,7593,16465,2030,25375,14851,9036,1076,333
California,3300,CORCORAN JOINT UNIF SCH DIST,2016,42234,3764,33450,5020,42191,21165,12315,2288,5791
California,5890,HANFORD ELEM SCH DIST,2016,72539,5490,58384,8665,67525,36176,24574,2880,2528
California,3772,HANFORD JT UNION HIGH SCH DIST,2016,52051,2147,36660,13244,43937,22107,15273,2166,1986
California,375,ISLAND UNION ELEM SCH,2016,3900,226,3134,540,3497,2055,1098,190,120
California,790,KINGS RIVER-HARDWICK UNION ELEM SCH DIST,2016,7897,241,6306,1350,6627,4375,1842,375,0
California,613,KIT CARSON ELEM SCH DIST,2016,8090,461,6539,1090,6854,3279,2889,216,392
California,301,LAKESIDE UNION ELEMENTARY SCHOOL DISTRICT,2016,4640,600,3220,820,4079,1902,1453,289,404
California,3190,LEMOORE UNION ELEMENTARY SCHOOL DISTRICT,2016,35621,2352,29263,4006,33529,19282,10660,1717,1595
California,2275,LEMOORE UNION HIGH SCHOOL DISTRICT,2016,29805,1482,21601,6722,25700,13602,10193,540,264
California,1549,PIONEER UNION ELEMENTARY SCHOOL DISTRICT,2016,16404,729,12152,3523,15339,8090,4845,973,1022
California,2612,REEF SUNSET UNIFIED SCHOOL DISTRICT,2016,38032,4796,28377,4859,32886,16366,11752,2531,1775
California,0,KINGS SCHOOLS TRANSPORTATION AUTHORITY JPA,2016,1344,0,0,1344,1451,0,1185,0,266
California,1694,KELSEYVILLE UNIFIED SCHOOL DISTRICT,2016,20867,1711,12391,6765,21154,11614,8121,862,446
California,1558,LAKEPORT UNIFIED SCHOOL DISTRICT,2016,18806,1468,11063,6275,17031,9565,5729,592,669
California,255,LUCERNE ELEMENTARY SCHOOL DISTRICT,2016,3372,405,2114,853,2986,1706,988,143,55
California,1654,MIDDLETOWN UNIFIED SCHOOL DISTRICT,2016,21509,1190,9819,10500,19368,9597,8469,707,154
California,509,UPPER LAKE UNION ELEMENTARY SCHOOL DISTRICT,2016,6254,682,4288,1284,5720,3115,2042,351,205
California,282,UPPER LAKE UNION HIGH SCHOOL DISTRICT,2016,4732,392,2365,1975,4545,1902,2001,205,221
California,3244,KONOCTI UNIFIED SCHOOL DISTRICT,2016,41089,3980,27524,9585,40703,21304,15367,1473,1338
California,309,FORT SAGE UNIFIED SCHOOL DISTRICT,2016,4107,192,3420,495,3347,2212,1007,86,42
California,351,JANESVILLE UNIFIED ELEMENTARY SCHOOL DISTRICT,2016,3538,226,2765,547,3213,1919,1030,123,112
California,204,JOHNSTONVILLE ELEMENTARY SCHOOL DISTRICT,2016,2234,129,1823,282,1971,1008,785,102,53
California,839,LASSEN UNION HIGH SCHOOL DISTRICT,2016,10007,458,5975,3574,9679,4790,4360,123,394
California,708,RAVENDALE-TERMO ELEMENTARY SCHOOL DISTRICT,2016,560,17,326,217,301,114,158,13,16
California,212,RICHMOND ELEMENTARY SCHOOL DISTRICT,2016,2122,66,1825,231,1761,905,776,45,15
California,184,SHAFFER UNION ELEMENTARY SCHOOL DISTRICT,2016,2271,209,1583,479,1992,1013,878,78,0
California,1035,SUSANVILLE ELEMENTARY SCHOOL DISTRICT,2016,11179,935,7241,3003,9646,5875,2835,464,102
California,388,WESTWOOD UNIFIED SCHOOL DISTRICT,2016,3251,233,2069,949,3244,1363,1160,111,512
California,164,BIG VALLEY JOINT UNIFIED SCHOOL DISTRICT,2016,2869,224,1554,1091,2856,1149,1247,140,280
California,17301,ALHAMBRA UNIFIED SCHOOL DISTRICT,2016,295097,30947,201497,62653,290345,118636,78942,8861,16184
California,24127,ANTELOPE VALLEY UNION HIGH SCHOOL DISTRICT,2016,308755,22661,232023,54071,285635,161862,104435,10247,4837
California,9523,ARCADIA UNIFIED SCHOOL DISTRICT,2016,125911,4234,52060,69617,116906,63902,29145,4925,9744
California,8900,AZUSA UNIFIED SCHOOL DISTRICT,2016,131423,11689,89865,29869,124691,67536,39062,6567,6123
California,18407,BALDWIN PARK UNIFIED SCHOOL DISTRICT,2016,221483,20885,154124,46474,201573,108329,62832,18190,2394
California,3789,BASSETT UNIFIED SCHOOL DISTRICT,2016,64704,5120,43392,16192,70195,28694,23563,5113,9261
California,12678,BELLFLOWER UNIFIED SCHOOL DISTRICT,2016,155786,11555,118018,26213,154253,85813,51127,4487,10173
California,4144,BEVERLY HILLS UNIFIED SCHOOL DISTRICT,2016,93520,1999,8517,83004,114231,39824,23343,945,43263
California,10269,BONITA UNIFIED SCHOOL DISTRICT,2016,121507,5837,77358,38312,118481,59802,35176,4557,11039
California,16081,BURBANK UNIFIED SCHOOL DISTRICT,2016,185556,8879,104730,71947,197912,98162,52274,6116,34068
California,2354,CASTAIC UNION SCHOOL DISTRICT,2016,32876,812,17711,14353,26197,13501,7453,116,337
California,7682,CENTINELA VALLEY UNION HIGH SCHOOL DIST,2016,122060,9849,74711,37500,118433,47975,35145,4384,15658
California,4954,CHARTER OAK UNIF SCH DIST,2016,79584,3900,41094,34590,63813,29426,18378,3695,6635
California,6973,CLAREMONT UNI SCH DIST,2016,93777,4015,54346,35416,87241,44050,32403,5905,1210
California,21835,COMPTON UNIFIED SCH DIST,2016,348211,36593,267927,43691,306511,165527,98337,17515,18731
California,11906,COVINA VAL UNIF SCH DIST,2016,239864,29425,171979,38460,252078,86005,49802,9197,25100
California,6763,CULVER CITY UNI SCH DIST,2016,104943,7349,61742,35852,104737,46242,28823,8586,7054
California,22649,DOWNEY UNIF SCH DIST,2016,291156,21818,202271,67067,286316,177608,74593,16905,13042
California,3853,DUARTE UNIF SCH DIST,2016,52962,3915,32483,16564,49705,26669,16949,2181,1392
California,3424,EASTSIDE UNION ELEM SCH DIST,2016,43677,3480,33663,6534,42179,23955,12019,2098,2467
California,8891,EAST WHITTIER ELEM SCH DIST,2016,99555,6396,72438,20721,92145,61046,26210,3900,427
California,8709,EL MONTE CITY SCHOOL DISTRICT,2016,139761,15577,87830,36354,143366,71918,39667,8016,18522
California,9115,EL MONTE UNION HIGH SCHOOL DIST,2016,161299,11584,108181,41534,142181,65132,47086,15048,6817
California,3471,EL SEGUNDO UNI SCH DIST,2016,42657,916,23746,17995,36260,20794,11453,2056,466
California,4890,GARVEY ELEM SCH DIST,2016,71827,6834,48119,16874,65173,35155,21975,3507,2759
California,26117,GLENDALE UNIFIED SCH DIST,2016,364194,26930,235151,102113,358122,184969,83836,16603,59927
California,7607,GLENDORA UNIF SCH DIST,2016,88423,3372,58500,26551,80341,51557,20822,3462,1142
California,2339,GORMAN ELEMENTARY SCHOOL DISTRICT,2016,1643,40,992,611,1309,589,648,63,9
California,8689,HAWTHORNE ELEM SCH DIST,2016,115234,12342,84326,18566,111748,60836,33050,8279,5020
California,1430,HERMOSA BEACH ELEM SCH DIST,2016,15550,328,8235,6987,14103,9070,3736,326,805
California,39,HUGHES ELIZABETH LAKES UNION SCH DIST,2016,2547,252,1316,979,2357,1287,1047,7,0
California,13162,INGLEWOOD UNI SCH DIST,2016,184043,16624,119325,48094,156502,85520,48865,6968,2051
California,2627,KEPPEL UNION ELEM SCH DIST,2016,32866,3078,24716,5072,31747,18407,10118,1874,1062
California,4093,LA CANADA UNIF SCH DIST,2016,51421,920,20892,29609,48872,27502,16504,833,1587
California,15291,LANCASTER SCH DIST,2016,174497,15442,131755,27300,159430,89141,53732,9122,3422
California,11374,LAS VIRGENES UNIF SCH DIST,2016,137932,5322,58707,73903,124467,71848,39578,1817,2178
California,6192,LAWNDALE ELEM SCH DIST,2016,85145,7598,64686,12861,79168,49272,21450,3875,3037
California,6913,LENNOX SCHOOL DISTRICT,2016,88130,8871,70904,8355,89465,51448,28278,4622,2974
California,4382,LITTLE LAKE ELEM SCH DIST,2016,55533,3857,38336,13340,57830,31571,14112,2334,7902
California,77812,LONG BEACH UNI SCH DIST,2016,1075291,110337,745326,219628,1055503,556594,290732,73402,102400
California,639337,LOS ANGELES UNIF SCH DIST,2016,10329380,1091400,6731375,2506605,9686165,4949740,3094879,513959,582529
California,1720,LOS NIETOS SCHOOL DISTRICT,2016,24292,2258,15727,6307,24521,12295,6441,1250,3781
California,3185,LOWELL JT ELEM SCH DIST,2016,33323,1834,18792,12697,29866,18478,9450,758,473
California,14830,LYNWOOD UNI SCH DIST,2016,196930,17964,157840,21126,184059,93981,68424,10986,4490
California,6774,MANHATTAN BEACH UNIFIED SCH DIST,2016,95278,1836,30934,62508,92497,50216,24282,6687,5736
California,5838,MONROVIA UNIF SCH DIST,2016,88527,6473,48659,33395,80442,40718,27681,4367,2776
California,28323,MONTEBELLO UNIFIED SCHOOL DISTRICT,2016,402547,43982,288201,70364,398703,196470,136484,29902,27125
California,7216,MOUNTAIN VIEW ELEM SCHOOL DIST,2016,106506,12438,76198,17870,106363,58589,32389,5586,7551
California,6650,NEWHALL SCHOOL DISTRICT,2016,72363,2737,42960,26666,84895,40589,21198,297,20748