raceId,driverId,positionOrder
1123,832,1
936,831,11
1032,830,3
1096,1,18
1018,822,3
939,4,17
1001,844,18
953,825,19
985,20,2
1017,848,15
1076,817,6
962,830,6
984,13,10
998,4,8
1074,1,3
1028,830,3
985,4,17
1078,817,13
1019,807,10
1105,852,12
993,838,15
1110,848,14
1088,825,15
1054,847,16
1086,817,15
990,822,2
990,825,5
967,839,12
1029,840,19
1093,848,13
988,838,12
1061,840,8
1119,844,2
1112,859,11
995,4,18
1042,846,13
994,822,5
943,832,13
1013,841,12
936,815,19
989,828,19
978,807,6
933,826,12
1144,842,7
1032,839,18
960,826,14
1069,849,15
1119,858,16
1019,825,20
967,817,8
987,832,11
1075,846,7
1120,807,15
995,842,11
1063,852,15
1016,847,16
1070,830,1
1089,822,13
984,815,7
960,3,1
957,1,1
1030,826,9
1052,852,9
931,154,12
1117,857,8
1083,846,6
1043,826,4
1007,842,10
1044,154,18
940,13,17
1087,847,4
1081,830,1
949,807,15
1089,832,4
1076,830,18
957,837,19
938,13,3
999,840,17
1003,845,19
1056,4,13
1053,822,18
1061,847,12
1005,815,7
930,817,7
930,813,19
936,154,7
1130,842,9
1038,8,13
962,20,5
1060,830,1
1021,841,18
933,4,20
1010,841,15
1064,815,8
1104,815,16
1054,832,11
933,813,7
1054,853,19
991,843,20
1072,842,6
1108,858,11
949,822,9
1013,826,19
1122,4,5
1140,847,5
1002,20,4
993,822,2
1058,846,5
973,838,18
1040,848,10
1029,842,2
985,828,15
1027,825,15
996,828,13
944,18,14
1035,841,17
996,843,14
975,1,1
1104,840,20
1063,844,8
1078,854,15
1141,4,14
991,825,10
979,825,13
1069,839,19
1100,842,13
1037,849,16
1042,844,4
1096,20,10
937,18,14
1109,830,1
1137,840,19
1089,846,7
952,20,3
959,817,2
934,815,9
1044,848,7
1042,8,11
1062,817,11
987,836,14
958,1,1
1126,1,6
939,20,1
1139,861,10
933,828,13
937,830,8
1042,20,10
1124,840,12
1042,841,15
1113,857,7
1044,1,1
971,807,9
1045,840,19
986,815,7
1007,832,19
961,830,7
986,830,1
1071,853,17
929,807,13
936,826,2
1116,830,1
958,832,8
1086,842,12
927,813,16
965,154,10
926,832,9
955,817,7
1107,815,3
1035,842,11
981,154,15
1028,1,2
1071,841,14
998,840,12
1060,832,5
1092,830,1
934,18,19
940,826,13
1008,842,13
1009,828,18
1070,844,5
1125,857,8
968,836,14
1143,852,13
1143,848,15
1024,807,9
1140,859,16
1015,9,18
1012,20,3
1117,852,12
1139,859,9
1107,840,9
1075,830,1
954,20,2
958,837,21
1046,817,5
1109,847,6
1034,846,5
1123,815,5
1012,846,18
1027,848,5
981,8,5
1022,8,16
1079,817,12
1028,848,5
1043,825,18
1013,842,17
1060,852,12
1142,846,6
1144,815,20
953,13,10
941,826,5
952,832,6
964,20,4
1046,842,11
945,154,9
1115,842,12
1133,844,4
985,8,3
964,836,22
980,822,5
1130,846,2
1093,852,10
1020,8,12
993,20,4
956,830,2
1118,848,19
926,822,18
979,822,3
1020,9,10
980,825,15
1007,839,11
1113,842,6
941,828,20
1089,844,2
970,807,12
956,832,8
963,13,13
1040,154,17
1041,846,16
1031,848,13
1004,842,19
929,831,12
950,815,11
1136,842,15
1016,822,4
1000,832,9
1112,825,18
982,13,11
1107,856,17
999,825,11
1086,847,3
978,8,3
1031,840,18
1071,846,10
1120,852,8
1017,830,4
1139,815,7
1142,848,19
1087,844,6
1014,817,12
1122,852,15
967,154,22
1005,807,19
1032,154,13
967,4,10
1072,830,2
929,822,4
1104,847,5
964,8,5
1141,847,4
962,822,20
926,813,15
942,13,17
1020,825,8
1007,8,3
982,815,5
980,838,14
1122,817,16
1101,1,6
1008,154,8
1013,822,1
996,4,16
1064,822,3
1082,4,9
951,828,14
953,3,7
945,828,14
928,18,14
1005,843,13
979,814,18
1100,815,5
1059,844,16
1113,852,19
1082,846,15
977,815,7
1117,855,14
942,4,11
1139,822,17
1013,825,13
988,1,2
1112,840,16
1063,817,4
1024,840,13
1027,826,11
991,840,14
932,830,15
1011,847,15
943,3,1
1043,822,2
1087,815,2
1131,855,17
1052,853,20
1018,841,10
1109,825,17
1127,858,17
1125,842,13
1081,848,12
1102,855,16
967,836,15
1010,830,3
1016,826,10
961,826,19
1039,848,3
1002,839,6
1112,1,6
1041,841,10
996,839,19
1044,826,12
1030,848,6
1128,839,17
932,829,17
1138,844,5
1056,832,2
1002,825,16
1003,839,20
1079,840,15
976,835,20
1112,807,17
1126,840,17
1131,857,2
927,833,15
1058,840,8
1102,832,5
1028,8,11
1137,860,10
955,836,20
978,832,19
1007,154,16
1067,822,1
964,830,2
1127,840,9
975,815,5
978,154,13
1073,841,17
1088,822,19
1064,842,4
982,154,9
953,836,14
1110,844,3
1022,807,8
1087,20,8
938,830,12
1078,852,12
986,4,10
960,8,9
934,829,13
1087,849,18
1025,844,3
1098,844,19
1054,817,9
1132,844,14
968,822,21
988,836,14
979,828,16
1133,822,16
1043,154,14
984,832,20
968,821,12
1045,8,15
1085,822,14
961,825,17
1062,20,20
928,831,8
997,815,7
965,20,4
1063,830,1
928,822,6
988,4,9
1066,1,1
1131,807,6
1023,9,17
1043,815,6
1099,815,1
964,828,15
1108,807,13
1001,845,12
939,834,14
956,821,11
1131,825,8
960,817,2
1028,847,17
951,20,20
1002,842,14
943,815,8
965,815,8
1059,817,6
1044,825,17
971,839,10
1114,857,3
1091,840,6
1086,825,16
1058,841,15
1018,847,18
1020,822,15
1035,8,15
1141,848,18
1060,842,9
1054,849,18
942,834,12
1054,840,14
1122,830,1
953,832,8
1062,830,9
1085,844,19
955,154,13
953,815,3
972,840,11
1087,848,10
1013,830,4
951,836,18
956,828,15
975,13,19
1128,840,14
1058,1,2
1002,822,3
1110,842,11
1046,839,2
1108,847,5
966,839,21
1045,844,10
1061,4,7
1085,840,10
1140,855,15
1038,849,11
942,1,1
1087,846,12
987,843,17
1121,840,10
1070,8,8
991,822,2
1047,1,3
930,18,16
1123,855,15
1098,852,11
990,830,19
1105,842,10
1058,854,16
1109,858,18
927,13,6
999,20,18
1007,844,7
1051,852,13
1118,825,18
1137,848,7
1127,842,16
1131,847,1
934,813,18
948,836,16
950,825,17
1121,807,16
1004,845,18
942,154,18
1015,832,6
1070,847,16
937,807,20
1125,815,3
1038,825,19
1005,832,10
972,13,9
1141,807,20
1044,849,19
1092,817,11
1072,839,4
1120,4,7
989,154,16
965,835,13
957,828,21
983,20,4
995,830,3
1073,815,15
931,20,2
1051,853,18
953,830,18
1100,852,10
949,825,11
994,815,12
979,807,17
967,825,14
958,830,5
932,822,3
1130,852,19
981,4,17
933,8,19
1036,830,2
969,8,4
1028,841,14
1055,839,9
1014,154,10
990,154,13
1092,822,15
942,813,8
1001,842,9
987,20,1
1133,847,8
984,828,18
930,833,18
1116,822,12
939,8,3
974,836,19
1004,154,11
1071,8,12
987,830,5
1069,4,18
951,837,22
1140,846,2
1132,857,4
1020,842,14
957,20,9
1008,830,2
1078,825,16
1128,4,11
1027,8,19
1120,857,6
934,831,20
1142,807,8
1004,817,6
982,20,18
1053,1,2
1132,858,11
929,829,16
1053,846,3
1016,840,9
1056,852,16
967,807,7
1129,815,18
1031,849,11
1084,839,5
928,829,15
949,1,3
1111,832,5
950,807,15
1104,857,10
1078,842,18
1047,825,18
927,826,9
937,832,17
967,830,3
1065,822,3
1128,832,3
1083,825,10
1046,846,10
964,832,17
1124,857,8
1144,4,9
992,822,14
943,826,4
1110,832,19
979,8,2
966,18,12
1101,825,13
1075,822,15
1021,9,19
954,831,18
1067,817,13
1135,839,15
1087,840,11
1093,817,16
928,154,7
1121,846,6
980,826,12
944,829,17
974,825,10
1129,840,7
1038,846,4
985,830,4
1035,848,5
1106,1,3
955,815,3
1138,847,4
1115,840,11
1082,1,3
939,13,19
1032,842,15
1115,825,14
1074,4,9
967,20,5
1060,1,4
958,3,2
1119,832,6
1117,817,7
1065,20,12
941,817,15
978,1,1
1129,817,8
982,807,14
1053,830,1
1003,842,13
970,830,3
940,807,6
1004,828,13
980,20,2
997,807,20
1043,848,15
928,826,19
979,815,8
994,817,1
1013,840,9
1038,815,10
967,18,16
1004,4,14
1129,825,12
1032,846,5
1045,815,18
1081,852,13
1071,847,13
1134,1,1
1014,822,2
972,807,8
926,830,13
970,822,6
943,817,5
1071,844,5
969,828,18
1112,830,1
1022,822,3
1124,842,16
1133,815,7
1093,815,4
1051,1,1
1032,817,8
962,815,8
1071,817,19
1109,817,13
1001,20,1
1039,830,19
1117,830,1
1055,841,15
949,837,17
1138,861,11
1044,832,5
938,826,10
961,821,13
998,154,16
1031,826,12
1051,815,4
1034,807,20
1070,842,4
1139,839,18
972,1,4
1124,858,17
936,1,6
1124,4,6
983,4,11
952,1,21
1121,847,5
1031,817,19
1014,807,13
933,1,2
1025,826,12
940,830,9
1088,848,12
1108,839,20
929,817,6
1125,846,2
986,842,13
985,822,5
1108,842,18
1023,846,10
1127,839,14
1143,832,6
1008,817,4
1037,20,13
994,839,6
1131,844,11
1131,1,4
982,4,17
1099,830,2
1079,832,4
1029,841,5
1041,839,18
982,838,7
1065,1,17
941,20,2
1110,847,6
1101,846,9
1033,826,12
945,3,1
1085,832,5
942,3,2
977,20,2
1057,847,17
973,13,13
1013,1,2
1138,4,8
963,832,11
949,815,16
1022,815,6
1094,1,2
971,1,2
990,832,11
1066,846,7
1099,855,13
1137,844,2
1033,830,2
993,840,11
1095,817,20
999,828,9
1001,822,4
990,828,9
1117,840,17
1098,847,7
970,840,20
929,1,1
929,832,19
945,832,11
1144,847,5
1095,830,6
1035,832,13
1143,861,19
1112,4,9
1139,842,12
1057,8,10
993,842,19
1062,4,4
1064,852,19
1125,852,19
1029,8,4
1102,846,17
932,813,7
1075,844,2
1086,20,10
1143,857,3
1053,849,20
1115,846,3
950,830,8
1017,846,9
961,1,2
992,843,10
966,825,17
1121,858,20
950,837,21
1017,815,12
988,20,3
950,4,12
1009,20,2
948,830,10
927,815,13
985,154,14
937,13,6
1003,825,18
1057,854,13
1060,20,17
1141,839,2
943,807,7
1036,825,15
1009,807,20
1111,830,1
1139,832,2
952,835,13
950,8,5
1063,4,11
950,835,22
1013,817,20
1119,855,15
1006,840,14
1014,1,1
936,833,15
956,825,14
1001,830,3
1093,839,11
926,807,7
1105,807,15
950,836,18
941,833,13
1018,840,14
1005,8,5
980,828,16
1131,4,18
1062,840,19
1120,839,12
1074,817,14
1124,848,20
1000,840,17
1075,842,8
1095,846,18
1065,840,7
1012,826,19
936,832,17
951,825,7
1020,154,7
1054,852,15
927,831,12
1111,840,11
1131,832,3
1101,848,12
1125,825,16
988,842,16
970,839,10
1124,825,13
1093,846,6
1021,1,1
1130,822,16
1142,861,14
1135,817,12
1102,858,20
1119,830,1
1083,855,19
938,8,5
986,1,9
991,832,9
956,13,20
988,822,1
1118,858,11
967,821,17
1019,817,7
1001,807,20
1026,840,9
971,4,14
930,20,3
939,807,20
941,807,19
1093,822,19
985,836,19
1017,826,14
1129,842,9
978,826,15
1139,844,1
1094,4,19
1093,840,18
1140,844,3
1099,825,10
976,828,11
1127,846,2
945,833,19
963,822,5
1119,4,9
996,838,12
1014,844,5
1077,1,13
969,822,3
972,836,16
951,4,6
997,817,18
1057,849,16
1096,840,8
1014,847,17
975,154,10
960,154,13
1039,1,1
1004,832,17
971,830,18
964,815,7
995,828,15
1047,822,2
949,828,12
1076,20,19
1066,841,16
1084,822,11
1129,822,13
1072,832,8
991,838,13
979,830,5
1131,815,7
960,839,16
1059,20,9
981,815,9
1047,847,15
1042,839,8
1124,839,15
1040,840,20
1132,817,13
977,825,18
1000,828,15
1144,832,2
933,154,15
1039,844,8
1021,840,17
1130,840,14
931,817,5
1063,20,5
977,4,19
939,817,2
1039,846,6
978,13,10
931,807,11
1034,849,15
978,817,5
1138,840,14
1069,8,13
982,828,15
1069,1,2
987,4,8
1055,1,1
997,20,3
1077,817,18
943,834,15
1053,853,17
978,839,8
1118,815,4
1033,840,4
1009,830,3
1069,20,10
998,832,17
1043,842,20
1114,1,5
1058,8,11
1051,8,14
980,839,9
1083,822,17
1075,1,10
967,828,21
1083,854,8
988,840,18
966,817,3
1089,855,10
1134,857,2
1002,807,13
1128,815,18
1115,844,5
1056,842,6
1080,1,8
1041,822,19
1018,9,20
1058,847,19
994,828,11
970,8,5
1100,832,12
1039,840,13
956,1,1
1000,4,8
986,840,6
1099,846,17
999,844,15
993,8,17
1127,857,4
1108,840,14
1093,847,5
1107,839,14
1117,847,6
1019,844,3
1104,846,9
941,829,14
1071,830,2
1102,825,10
970,832,7
965,1,1
1024,154,11
1094,849,18
1025,817,19
1000,20,2
1088,852,20
1141,815,11
1007,845,13
1084,849,19
985,825,16
963,20,22
1047,842,8
1115,4,6
990,20,1
972,825,13
963,826,14
1079,20,11
1066,8,8
1091,1,9
979,835,12
1125,847,6
1028,844,4
1073,849,16
1019,1,1
1080,822,9
944,830,9
1025,846,8
1073,840,13
1029,20,17
1124,815,2
957,3,3
997,845,13
1112,852,20
977,1,4
1065,844,4
1126,842,12
1020,841,13
1018,815,11
1051,842,11
1026,8,12
936,20,1
961,817,5
1107,825,18
966,835,14
1099,844,7
968,1,1
1017,832,6
1056,830,1
1123,825,10
958,4,7
997,832,12
927,832,8
1128,842,10
1083,1,3
1093,832,20
986,825,8
934,830,16
1081,822,11
1099,807,12
943,18,14
1127,4,19
950,832,9
944,822,5
1128,844,1
1088,844,3
1084,842,15
952,825,14
963,825,20
1015,154,10
975,826,17
998,839,7
1002,844,11
1032,20,20
1115,815,10
1007,843,14
995,843,19
1081,1,4
1061,842,11
1040,846,15
1091,852,15
1096,852,11
929,13,10
1001,825,8
938,822,4
1083,852,14
1091,830,7
1140,807,9
930,830,11
1125,807,10
1026,847,16
1085,817,9
983,832,19
1082,855,8
1133,858,17
1051,839,5
1114,858,17
1107,807,20
1130,815,8
1073,830,1
1013,832,7
1045,826,11
1021,842,6
995,807,7
1010,807,7
1020,817,19
941,831,6
1015,840,16
1073,846,7
1013,846,8
1021,826,15
1083,817,13
1066,832,3
1138,848,20
1020,844,17
950,20,2
1095,847,1
991,844,19
1143,807,16
968,825,22
953,154,13
993,830,3
1058,853,18
955,837,18
956,3,4
1063,822,12
1031,1,4
938,1,1
1104,855,13
937,20,12
1083,847,18
1126,852,7
1118,822,16
1121,832,3
974,13,9
1043,1,1
955,3,1
1047,840,10
1006,8,1
997,4,8
1129,857,5
1129,844,19
1136,817,13
1105,825,18
926,1,1
1096,832,4
1140,4,18
1056,849,15
994,840,17
983,13,9
939,831,10
1039,815,5
1043,839,19
1109,842,20
1061,832,6
1059,815,3
1086,846,7
1126,857,13
1113,848,11
1127,822,18
1036,840,4
1055,852,20
1046,830,19
1055,849,16
941,1,1
974,815,13
1054,854,17
1032,844,19
1009,815,8
1056,854,18
1069,840,12
1009,838,14
1127,830,1
1024,8,18
933,829,18
976,839,6
1055,846,8
1111,848,8
1011,826,12
992,830,16
1013,8,10
1104,832,8
1037,840,9
1069,844,4
1112,839,19
962,835,15
1025,848,5
960,1,3
1054,844,6
973,154,10
991,828,16
1024,848,6
1062,815,17
939,832,9
1024,826,15
973,815,4
1122,844,3
1021,8,7
1109,815,3
1039,847,11
1092,20,6
985,840,11
1119,817,14
1041,817,3
1138,815,10
955,831,12
1006,838,11
1023,817,4
1063,839,7
940,3,2
989,8,3
1120,830,1
973,836,8
958,825,15
978,830,4
990,842,4
984,842,13
938,20,2
1104,852,15
952,807,20
1057,852,7
1137,815,17
940,1,1
1088,842,11
948,832,9
969,832,8
1051,840,6
1011,20,5
1122,842,20
1133,855,19
1009,817,4
1119,807,19
1002,832,8
1043,841,10
1137,4,6
1077,846,3
981,836,16
1137,846,4
1065,830,18
1032,825,12
953,826,20
926,828,8
1099,842,9
1037,847,19
1044,20,3
1058,817,13
1104,4,2
948,3,1
1082,817,11
961,832,15
1144,861,19
998,8,3
977,838,12
1086,848,17
1017,807,8
929,815,8
1064,20,13
1100,1,2
1081,846,9
1038,847,14
961,828,16
1032,847,16
966,822,8
1077,854,17
1131,822,16
1007,817,17
1075,832,3
1115,839,7
1087,842,9
1044,815,2
971,8,4
981,826,12
948,13,5
998,1,2
1085,855,16
1006,845,13
1063,854,16
927,807,14
1059,830,1
1017,841,16
1087,852,13
958,821,13
956,815,17
944,807,6
1033,849,19
1043,847,16
1025,815,7
1098,858,12
1111,858,20
1077,840,10
1131,852,14
999,832,12
997,840,14
983,807,16
1041,20,11
1141,861,17
969,1,2
1069,830,1
1034,154,16
975,839,6
954,837,19
934,154,17
950,3,1
1007,830,1
1110,857,20
1037,844,14
956,807,19
1056,841,10
941,822,12
1086,1,2
999,807,5
1102,844,7
1021,807,12
1017,847,19
1041,154,9
1036,846,10
1072,8,15
995,822,2
1044,847,16
1092,832,19
948,154,6
1102,830,1
945,822,13
1032,848,4
1028,807,9
1132,830,2
982,835,6
1009,822,5
1080,846,6
1051,854,16
933,20,4
1117,848,9
953,20,4
937,1,1
1031,841,9
985,838,12
988,815,7
1117,832,4
1092,840,12
998,842,13
1111,857,9
936,8,18
970,828,15
1063,853,17
1113,855,12
1136,839,14
969,20,1
957,815,6
1095,849,16
993,1,1
972,815,6
959,4,12
1140,848,19
1033,846,13
934,822,5
1039,842,20
1083,20,9
1131,842,10
1105,848,16
1139,840,15
973,807,6
1082,825,17
955,821,16
1125,830,1
1023,822,2
1019,846,11
1075,849,18
1093,825,9
958,154,14
1144,857,10
1133,807,13
1134,825,14
1033,817,8
1082,847,4
964,826,13
959,828,18
1111,807,12
1055,832,7
1037,826,11
1052,1,1
981,828,18
1015,848,8
928,815,11
1007,840,12
973,20,2
1058,849,17
1128,852,8
965,4,5
1006,1,3
1058,842,20
1014,825,7
1056,8,11
1027,154,17
1038,840,3
1069,852,9
968,826,19
1078,849,14
1115,859,17
1069,854,16
1087,822,19
1082,842,14
1009,840,13
980,840,11
1134,842,13
1012,841,15
1095,848,15
1063,815,19
1130,807,11
1119,839,4
1096,842,14
1041,815,4
1114,825,15
1001,4,19
1101,832,5
1052,817,7
1054,846,5
1082,854,19
1089,842,8
1132,815,17
1144,852,12
1003,20,3
1003,840,14
995,815,14
1127,825,12
1060,4,10
1000,838,18
970,825,8
973,832,7
1015,846,11
976,830,18
993,154,18
1096,848,13
981,835,20
983,154,13
1122,840,19
1102,839,9
937,4,13
1138,1,6
1072,846,10
929,8,2
987,842,12
1039,841,17
1009,4,11
1142,1,2
998,817,5
965,828,14
1134,844,3
1010,847,16
980,830,19
998,815,10
1016,1,1
1038,839,8
1036,841,16
1039,154,12
957,807,7
1119,1,7
1003,843,17
1134,832,6
974,20,1
981,1,1
936,828,10
974,8,2
1133,4,11
1076,4,17
1123,857,4
1140,830,6
1015,844,20
1081,825,17
938,828,9
1130,847,4
955,8,4
1134,839,9
1109,840,10
997,825,5
1096,830,1
962,13,12
1018,830,1
1006,832,7
1023,826,19
1116,846,2
1131,848,15
1035,847,18
997,830,1
978,4,18
937,831,11
1015,1,1
956,835,12
942,8,16
958,20,4
938,833,16
1002,8,2
973,4,12
1109,855,16
1110,852,10
1010,815,13
931,822,14
1058,822,3
981,830,10
1110,840,9
938,831,13
1002,845,10
1106,858,20
1099,857,15
952,815,7
1041,842,6
1053,8,13
1141,857,8
1033,848,5
1138,852,12
1087,855,14
1133,832,6
1111,852,15
945,20,4
932,833,18
983,835,15
1037,8,12
984,835,12
1070,832,6
1036,20,7
1076,1,4
979,840,14
1115,847,4
927,822,5
1066,844,15
1080,832,2
1020,846,18
962,825,10
1024,20,1
949,20,21
1116,817,15
951,821,17
980,13,8
930,826,10
1018,817,12
1013,848,11
941,8,8
1006,843,9
1005,817,4
1079,4,9
955,807,9
1093,830,1
1016,154,14
969,154,20
955,20,2
995,839,9
1121,857,8
1079,854,14
1011,848,9
1104,839,3
1137,830,5
1083,842,16
1014,20,4
1143,855,8
1015,841,19
1077,822,5
1108,857,4
1127,817,13
1142,857,7
998,20,1
1004,807,12
974,817,3
1053,841,14
966,8,6
1034,826,18
1047,20,14
1053,840,8
932,8,4
971,154,8
1100,847,18
961,831,22
1006,839,19
1110,825,15
1022,846,11
949,831,14
966,832,16
1141,860,12
1012,830,4
1014,815,15
1100,830,1
1020,832,5
998,807,6
1074,844,1
940,817,15
966,13,9
954,826,12
954,821,13
1055,853,19
1034,841,14
1004,8,4
1051,822,20
944,831,13
1023,815,7
1059,822,4
1105,4,7
1030,840,20
1002,838,12
960,13,10
1018,807,13
1122,815,2
1135,840,13
1139,848,16
932,1,1
1028,832,8
1056,815,4
934,828,11
1135,822,19
997,839,6
975,817,3
974,832,6
951,830,19
1031,830,20
943,813,11
1046,844,20
1082,848,13
1136,855,18
995,20,1
1045,154,20
945,826,10
1122,848,11
1096,846,6
1121,855,11
1055,847,14
995,838,16
1044,840,9
965,821,21
991,830,5
1069,842,20
1002,828,15
1129,4,6
1105,832,5
953,821,11
997,838,15
988,843,15
1017,1,1
950,821,14
989,839,12
945,13,8
1008,844,7
940,829,19
1074,815,18
1052,849,18
1027,847,16
1002,815,7
949,13,8
1065,832,6
1085,842,12
1014,832,8
1046,822,8
1143,1,12
1064,839,9
969,830,5
1105,857,13
1047,839,9
930,832,9
1143,859,14
1038,826,9
1117,842,11
1084,847,4
1036,832,6
1088,20,14
969,840,16
1135,832,5
930,3,1
974,830,5
937,3,2
1123,848,11
1023,807,5
967,832,6
1061,830,20
1030,847,17
1081,854,14
1119,825,13
938,18,14
1010,842,11
978,828,14
1080,20,10
1052,822,3
1006,20,4
1082,822,7
1014,842,6
1034,20,10
1023,825,18
948,831,15
984,822,4
1128,846,4
936,813,14
931,815,7
1092,842,18
1128,848,9
1077,20,8
1053,842,7
1024,817,14
1110,815,2
1131,858,19
1052,844,6
1031,825,17
1017,840,13
1098,857,20
1006,815,8
1062,832,3
1019,830,5
1063,846,14
1062,846,15
1089,856,9
962,828,17
1044,841,20
1133,839,18
1117,839,10
976,815,15
951,807,21
1016,830,5
1136,825,10
1108,855,15
1052,841,12
988,828,17
1062,847,8
1027,822,3
937,833,15
978,836,17
1141,852,7
972,822,1
999,815,7
1022,848,5
1026,848,4
1027,830,6
1007,825,15
964,835,12
1125,855,14
1101,847,8
1011,817,18
1076,822,8
987,13,7
953,835,22
1086,832,4
957,836,22
1059,4,8
1102,815,2
976,822,2
1105,858,20
1125,822,20
954,832,9
1091,854,13
965,822,16
1139,825,11
1009,843,12
1109,832,8
1106,822,10
1080,849,15
949,835,22
932,13,6
1080,817,13
1136,1,5
989,4,5
968,3,2
997,154,4
996,8,3
931,1,3
1125,858,17
1005,845,16
1008,807,19
991,1,4
1135,846,1
1098,848,10
1124,822,14
982,832,4
1025,8,13
1091,855,20
1002,4,18
1107,852,19
1054,822,3
994,825,13
1020,826,3
1114,842,10
1101,856,20
976,840,3
951,835,13
1057,832,8
1093,20,8
1092,855,16
1084,815,20
948,817,4
1136,822,16
1033,154,16
1064,1,2
1001,832,11
1042,847,14
977,835,11
1101,815,1
1144,859,17
960,18,21
1054,841,12
1022,154,13
1131,817,9
1094,832,5
1094,825,17
1104,844,6
1098,830,1
1047,832,6
1081,817,8
1071,4,9
969,13,6
955,18,11
1061,817,5
930,828,14
1111,844,19
1070,839,13
1021,20,3
986,828,17
1133,1,3
982,822,3
1076,855,11
1030,815,7
1053,852,12
1140,861,12
1065,852,20
1066,822,5
1107,848,11
1110,855,13
979,839,9
1111,4,2
1060,844,8
971,825,19
999,817,20
1085,4,6
938,813,20
1016,807,7
1069,841,11
983,842,14
1072,852,14
1098,839,18
934,826,6
1055,4,17
1032,8,11
939,829,15
1046,841,13
1041,830,2
1081,815,2
1016,815,12
1140,852,20
1060,846,3
973,828,11
1037,825,17
1027,846,20
1126,822,16
1011,832,19
1094,817,7
1060,817,7
1084,852,16
1106,840,9
1061,822,3
1052,846,4
981,825,11
1107,842,10
1001,839,6
1121,822,19
1137,852,20
986,822,2
999,838,13
957,835,18
961,4,14
928,8,4
1142,844,4
1061,846,4
1031,8,14
1035,839,8
939,826,6
983,822,5
993,807,20
1123,822,14
1042,826,19
1020,830,1
999,8,3
940,8,4
1071,1,1
1094,842,11
1078,848,9
1011,815,10
1123,1,18
1013,815,6
1075,848,14
968,835,17
1141,840,19
1074,839,7
1095,20,11
1022,840,10
944,20,3
945,8,3
1007,20,2
964,831,19
931,833,16
1126,844,3
952,831,15
1030,842,18
1033,844,11
1025,154,20
1047,849,17
1104,856,12
1117,822,15
1037,846,7
966,815,10
1121,830,1
1035,20,12
1101,858,16
1015,826,7
1108,848,8
1114,4,8
1081,849,15
1082,849,16
1036,815,5
1073,847,18
1141,844,5
1114,815,19
1062,853,14
990,844,12
1110,4,5
1047,8,12
983,840,8
959,807,7
944,813,10
992,815,3
1092,825,14
1005,20,6
1119,822,17
1041,807,8
975,832,20
1030,844,3
998,822,4
1121,839,17
1035,846,9
972,826,12
1066,852,17
959,154,13
961,822,6
951,1,2
958,828,20
1041,825,13
1062,842,5
1045,832,5
993,832,7
941,830,10
1063,849,9
1070,846,10
1119,815,3
1051,830,2
1000,842,6
1022,832,19
1026,154,13
1042,830,3
931,830,18
1113,4,15
1001,838,15
944,828,16
1025,842,14
988,825,13
958,826,16
1136,852,20
1144,846,1
1142,859,16
1136,847,7
1020,20,2
1105,839,8
1138,855,15
928,807,20
1038,832,2
1018,154,16
1143,847,4
1101,857,11
1142,815,10
1013,9,16
989,840,14
1115,858,18
1100,858,16
1062,854,12
1047,817,7
1088,855,16
1098,840,6
1039,20,10
1010,825,6
1078,815,4
956,154,7
1061,20,19
962,154,22
1025,822,2
950,826,3
981,832,14
1059,832,11
995,845,17
960,20,6
929,813,15
1023,1,3
1077,815,2
1040,822,1
1015,842,5
964,825,14
1029,154,13
977,154,6
959,1,1
1025,832,6
941,4,11
955,826,22
983,815,6
989,1,2
1096,4,20
1004,840,15
1127,852,10
1054,1,1
1136,832,4
976,826,19
1119,846,20
1059,852,13
1025,1,1
1027,840,12
1038,830,17
996,815,18
1005,844,18
1072,840,11
1084,848,12
1008,1,1
1133,830,5
1018,842,7
1044,8,15
1144,848,11
1057,822,12
1080,4,7
950,154,19
953,8,21
982,1,1
957,822,14
1035,825,20
960,822,8
1004,844,7
1132,852,10
1142,839,17
1057,853,14
949,821,19
1144,830,6
1089,830,1
999,4,16
1056,1,7
960,828,19
959,821,11
961,13,9
989,832,10
1139,4,13
952,837,17
1006,822,5
1052,840,10
1120,847,3
1043,849,11
1000,8,3
1081,840,16
1132,847,19
1112,855,14
1079,1,5
1060,840,13
969,817,17
988,807,6
986,13,11
1110,830,1
1128,847,5
954,835,21
1115,832,20
928,4,12
1118,832,6
1035,849,19
969,835,19
1031,154,16
980,835,13
963,828,12
933,833,14
1076,849,16
1094,846,9
1010,822,1
1009,839,17
1045,20,13
1057,842,3
1084,832,18
1143,840,18
1045,817,7
1093,1,2
1077,832,20
1115,857,2
1092,846,10
1130,857,7
1079,855,19
1024,844,2
1042,154,17
1030,8,13
1031,842,7
1144,822,18
996,825,6
1129,848,17
996,842,20
986,832,16
997,844,9
1078,832,3
1016,848,19
1000,845,16
1041,849,14
1124,817,19
1057,1,15
1113,839,18
1140,842,10
991,4,7
944,815,12
1038,1,7
1011,822,2
1131,840,13
1123,844,2
1010,846,12
985,807,20
1080,854,19
1105,856,14
1060,815,6
1022,9,17
994,844,18
1018,846,6
966,4,13
1129,852,14
933,13,3
966,831,15
943,13,6
1107,830,1
963,4,7
1109,4,9
1134,855,19
1104,830,1
1120,817,11
1034,840,9
949,826,7
1047,846,5
977,8,5
971,836,11
1125,844,4
1135,1,8
1095,842,14
1045,822,8
942,18,6
1111,839,10
1064,854,18
961,3,1
985,817,18
1024,842,8
1095,852,17
1108,852,16
975,822,2
1027,807,10
1056,844,20
1070,817,12
942,832,7
1116,825,14
1142,852,9
972,817,17
1063,840,20
1008,822,5
1067,849,17
968,830,4
1123,842,13
994,154,15
1109,839,19
1116,807,11
977,822,1
927,20,1
1008,840,18
1010,8,8
953,807,6
1078,830,1
1064,844,5
962,817,2
1064,832,7
1007,828,9
1079,844,20
1052,8,11
977,840,10
1120,848,14
1132,822,15
1010,154,18
1026,807,20
992,828,11
1026,815,8
1061,8,15
944,826,7
1112,844,4
976,825,7
1104,822,11
1092,852,13
1037,830,3
984,817,3
986,807,19
930,154,8
1002,843,19
1111,822,14
996,830,2
1036,847,17
977,828,15
932,815,11
995,1,5
1060,8,15
1038,817,6
971,826,12
1083,839,15
994,4,20
942,817,10
1136,815,8
992,807,18
1091,839,16
1087,839,7
987,815,9
1109,822,12
1089,817,17
1036,822,3
988,817,20
940,834,18
953,817,2
1106,4,2
988,13,10
1114,847,7
1087,1,20
1040,842,9
1104,858,18
979,154,19
1035,807,7
941,13,4
1059,841,15
992,817,17
975,840,9
1071,852,15
1039,849,15
1124,852,10
958,18,22
1071,839,8
1014,830,3
1112,857,12
1019,8,8
1005,825,20
1009,842,16
1031,822,1
1024,825,17
992,840,8
1027,844,4
956,826,22
1012,817,7
1064,841,14
1055,830,2
1134,830,4
970,20,2
1017,822,2
1008,825,9
1026,841,14
940,815,12
959,815,10
942,20,3
1129,832,16
999,839,8
1000,839,13
1029,817,6
1084,20,17
1065,847,9
1032,841,14
1092,4,7
1117,844,3
1123,852,7
1140,839,13
1027,842,9
953,828,16
1041,832,5
1137,857,1
948,20,3
1082,815,20
1003,817,6
1042,842,5
945,4,17
1043,8,9
1143,822,11
973,8,20
1092,815,2
1112,847,5
1034,848,8
1067,846,7
1030,846,8
954,13,20
1064,4,6
959,836,17
990,839,10
936,3,8
1067,832,8
1040,839,7
1055,815,5
1016,9,18
999,822,2
1003,815,16
990,840,14
958,807,10
1012,825,13
1131,846,20
974,838,16
1070,854,19
1047,841,16
1132,1,1
1030,817,11
1116,844,20
1025,20,18
934,1,1
1014,826,9
1057,841,11
972,8,3
944,4,15
988,154,11
1124,832,3
1034,1,1
951,3,1
1142,855,13
965,817,3
1013,154,18
1144,844,3
942,807,14
955,828,17
1094,844,6
1100,822,11
942,831,9
962,826,9
1023,830,8
1100,846,6
964,821,20
1042,840,20
990,4,7
1044,846,8
1057,4,6
1120,844,2
975,835,11
926,154,14
970,13,14
967,826,13
954,3,5
1108,815,6
949,838,10
1108,846,2
1095,4,5
937,828,10
1041,847,20
951,826,15
1074,822,6
1062,839,1
1089,1,5
1064,847,17
1074,842,20
1021,844,4
1012,832,14
1072,822,3
1117,1,2
955,832,21
1136,844,1
1040,841,11
1132,4,8
1023,848,6
959,826,15
1134,815,7
942,822,19
1132,848,9
1126,847,8
993,815,9
950,13,6
1053,847,19
931,18,8
933,822,5
1035,826,10
1046,815,1
1105,855,9
1039,822,2
1052,842,17
1035,844,4
1024,841,10
1127,855,15
1040,20,13
1136,807,17
1044,830,6
1143,844,2
1024,832,12
1077,830,1
1091,832,3
1109,1,4
982,839,10
1141,846,6
957,821,16
1136,846,3
1005,840,17
1072,1,1
937,829,16
966,20,5
1086,4,8
1065,815,5
1029,832,3
1113,825,10
1056,840,8
1067,815,3
1005,154,8
1136,4,11
1127,815,8
1058,844,7
1130,848,18
994,8,4
1027,841,14
940,18,16
929,828,14
981,13,8
948,828,17
957,832,8
995,832,8
1113,822,17
1077,855,15
1132,842,20
1082,832,2
1057,817,9
1015,830,4
1096,844,2
989,845,20
1039,839,14
954,836,17
945,813,20
1004,843,20
1067,840,9
1025,830,4
1128,858,15
944,817,11
1039,826,7
1080,852,17
1012,848,10
979,826,11
957,831,15
954,815,10
1109,852,15
1108,1,3
981,817,4
1118,1,8
1132,846,3
991,845,15
1017,842,10
966,826,18
966,821,19
1119,848,12
1026,822,1
1120,1,9
1080,847,5
1003,828,11
997,842,11
1091,815,1
1106,852,14
930,13,6
1105,847,3
1044,839,11
927,3,3
1111,859,13
1005,830,3
975,838,14
1012,154,11
1072,20,16
981,838,19
1080,839,12
971,815,7
1062,841,13
1101,4,4
1121,817,13
964,807,8
999,842,14
1072,841,9
1126,839,10
1033,815,7
972,839,7
1126,807,11
1091,849,19
974,154,8
1107,847,7
1075,854,20
963,807,8
1143,4,7
962,3,1
1120,846,5
1044,822,14
1039,832,18
1092,847,8
927,8,4
971,13,6
972,835,18
1065,817,1
1114,852,12
1069,815,3
990,807,6
952,154,18
1094,852,20
1122,858,14
940,831,20
976,4,9
1031,832,5
989,830,6
1046,840,3
956,4,18
998,830,15
976,8,14
1128,855,16
1054,815,4
957,826,10
994,832,10
977,839,8
961,154,11
1047,844,13
951,822,4
1055,844,4
1095,844,4
1030,822,4
1106,857,11
1067,830,2
1011,841,11
1113,840,20
989,822,8
1026,844,6
941,3,18
1004,825,8
1027,832,13
957,4,13
1047,848,4
1033,825,10
1099,858,16
1091,847,14
950,817,4
979,836,15
1115,855,9
956,8,3
1096,817,9
1051,844,8
1127,1,6
1082,830,1
1127,844,3
1078,844,2
986,836,14
1012,9,17
1078,840,10
1130,4,12
1047,830,1
1033,842,20
1046,832,4
1138,817,18
991,807,6
1114,844,4
1116,1,19
1108,830,1
1031,839,8
1021,848,10
1006,842,12
1126,4,9
1035,822,3
1046,850,17
1061,852,10
1040,825,12
1135,825,18
983,828,18
1070,849,17
1138,842,17
966,836,22
1012,840,12
1114,846,2
951,18,10
972,838,14
1076,848,10
986,817,20
990,845,15
1045,841,16
927,829,20
975,836,15
976,20,4
1126,815,4
997,822,19
1005,1,1
928,3,2
1001,154,7
1070,841,11
934,833,12
994,845,16
1061,1,1
1130,830,1
1073,20,11
1074,825,5
1009,1,1
991,839,11
996,1,1
1023,847,14
957,817,4
1084,854,6
1028,815,10
971,835,13
966,807,7
934,3,2
926,20,3
1079,842,13
1113,807,13
969,839,10
1054,839,7
1061,815,16
1006,154,17
1015,8,17
1022,817,14
979,1,4
1004,830,5
1063,832,10
928,833,16
1016,825,17
1022,825,12
1085,1,2
1059,839,14
1076,825,14
1095,832,3
968,807,7
1129,830,1
996,844,10
1112,822,10
1066,849,19
1007,838,8
1006,844,15
965,830,20
1040,8,14
1020,1,9
981,839,6
1084,830,2
993,825,6
1000,817,4
967,822,11
1064,846,10
1065,854,15
1032,832,9
1091,20,8
1143,830,1
1038,848,15
975,20,4
948,4,21
1138,830,2
962,18,19
950,822,10
941,832,16
1139,847,6
933,830,8
1079,852,10
1028,840,13
1130,825,17
985,839,6
1029,826,10
1104,842,7
944,1,2
1062,8,10
940,813,8
1052,815,5
1102,847,4
1015,825,14
940,828,14
962,821,11
964,18,18
939,815,7
1138,807,9
952,821,11
1028,826,12
1119,840,5
1067,842,6
967,13,18
1022,847,15
1117,815,20
991,842,18
1017,20,5
1087,817,15
939,154,13
1054,830,2
955,825,14
964,13,9
942,826,13
983,825,12
999,843,10
1141,1,10
926,826,16
1125,832,5
1083,844,4
1127,807,11
1108,856,17
945,817,6
936,4,5
986,154,15
1065,839,10
983,1,2
1038,841,16
986,8,3
1089,20,20
958,831,17
1000,825,7
949,8,2
973,835,15
1047,815,20
1074,852,8
1063,847,2
1073,8,19
963,821,19
968,13,9
1003,830,2
932,18,19
959,822,9
943,831,17
948,815,13
1099,856,14
1017,9,18
1129,858,20
963,3,3
978,835,20
1093,842,14
1122,846,8
1005,822,2
1133,842,20
1116,4,16
982,825,13
1056,847,14
988,8,4
1085,815,4
1052,830,2
1002,840,9
1014,848,11
1129,1,4
944,3,1
937,817,18
994,20,2
1116,852,8
1137,842,12
1105,822,19
1065,842,19
1094,830,1
1043,817,3
1058,20,12
931,826,4
1086,844,6
934,832,14
931,832,10
1083,815,2
1144,855,13
1091,844,2
1095,822,9
1069,847,14
1132,839,16
1076,847,3
1095,840,10
1101,822,18
1120,825,20
979,20,1
1082,839,6
1033,1,1
1003,8,5
1119,852,18
1039,8,9
952,836,16
1085,847,3
1092,1,5
1015,822,3
1111,815,4
1118,852,9
1080,848,18
1110,807,18
949,830,6
965,832,6
1066,20,12
1064,817,11
1072,815,17
930,4,20
993,845,14
1106,807,15
1134,807,18
1118,840,5
1029,844,18
1083,830,7
933,831,11
927,154,11
1079,847,3
1079,848,18
962,4,7
996,822,7
1019,832,6
1114,855,13
1006,825,20
1094,20,14
962,836,16
1012,8,9
951,817,11
1028,20,20
1135,815,6
1042,825,16
958,835,12
934,4,10
964,3,1
1086,822,20
1129,846,2
1074,807,17
1008,8,3
957,18,12
997,8,2
1012,1,1
1089,847,3
1122,1,9
995,840,20
1031,20,10
1035,154,16
1094,855,13
1091,842,10
1063,8,18
1110,1,4
950,831,20
1075,847,5
1029,825,11
1059,1,2
992,8,2
1118,842,7
992,832,5
938,154,19
1060,839,20
954,4,11
1058,839,14
1070,4,9
964,817,6
1126,817,15
1032,840,7
1064,853,20
1070,1,2
957,825,17
992,20,4
996,832,8
1117,825,19
1104,807,17
1136,830,6
972,830,5
1122,822,17
990,817,20
1107,855,12
1140,822,14
1042,817,9
1106,846,13
1112,848,7
1106,844,4
962,807,21
1125,817,18
964,4,16
1023,832,20
1101,844,3
1073,842,5
954,830,4
930,822,4
1143,839,20
992,838,9
1114,839,9
972,828,15
1134,846,5
1133,852,9
966,1,1
943,828,12
1029,848,14
1027,20,2
974,822,4
968,817,5
1112,842,15
972,832,10
1056,853,17
936,830,4
934,807,7
1003,822,4
951,154,8
1057,840,19
992,842,12
982,836,12
1114,832,6
991,20,8
1081,842,5
1114,840,18
943,154,10
1016,832,11
1055,840,11
1126,825,19
1027,817,8
1019,154,19
1125,1,9
942,828,15
968,828,15
987,822,2
1099,840,20
1073,852,4
1033,8,15
1037,815,10
1114,822,20
1001,1,2
966,830,4
967,815,4
928,830,17
1023,844,1
1121,848,15
1086,854,14
1012,822,2
1035,1,2
1137,855,14
976,832,8
1104,825,19
1125,848,12
996,845,15
1062,844,18
965,836,17
1126,855,14
941,18,9
1125,839,11
950,1,7
1043,840,13
1066,853,18
1030,9,19
963,836,15
974,839,12
1110,817,16
1040,1,3
976,836,10
1136,861,12
1104,1,4
943,830,9
1061,839,9
996,817,4
1013,844,5
981,840,7
1108,844,9
944,8,4
933,817,10
1101,839,15
982,840,8
969,826,9
975,8,7
1112,832,3
1037,817,4
1092,839,4
960,832,20
977,817,3
1101,855,19
1116,858,10
1102,4,3
1126,848,18
1020,815,20
1138,839,13
987,1,4
1026,846,11
927,830,7
1138,857,3
1077,844,6
1134,840,11
1102,848,14
970,4,16
1129,855,15
973,830,19
1065,4,8
1046,825,15
1115,848,13
1144,1,4
948,822,8
1098,825,13
1115,852,15
1089,849,15
1041,8,12
1115,807,16
973,822,17
1121,1,7
1045,1,1
937,826,4
993,828,13
1066,815,9
1023,8,15
973,840,16
1047,850,19
956,831,13
1019,9,15
1074,848,13
1109,846,2
1054,4,8
1009,832,6
1084,846,7
1074,832,2
1016,841,13
998,838,11
1072,844,7
1100,807,7
977,836,14
1023,841,9
1124,847,7
932,826,9
1082,844,5
1077,849,16
994,807,8
944,834,18
1067,841,11
968,4,10
1008,828,20
976,1,5
1036,842,9
1118,844,20
1053,844,4
945,815,5
1044,817,10
944,154,8
1126,858,20
1118,839,10
963,8,4
1080,842,11
1133,848,14
1080,815,1
926,18,11
1108,832,10
1032,849,17
1018,848,15
966,154,20
1134,817,10
1051,4,3
1064,9,15
930,829,17
932,832,12
1075,807,12
1045,847,12
1093,855,12
1141,859,9
1040,815,4
1022,844,1
1089,815,6
1107,846,4
1023,20,13
1102,852,11
1086,830,1
1076,854,13
1020,848,6
1009,8,19
954,817,7
1019,841,18
1063,842,6
1039,817,4
990,8,18
1043,830,17
974,835,11
983,830,1
1060,854,18
1037,839,5
949,18,20
973,817,3
1089,4,19
952,828,12
1028,154,15
1088,839,9
1011,825,13
1091,848,17
1000,807,12
1061,844,2
987,8,3
1052,4,19
1062,849,7
1010,826,10
1135,847,7
1025,840,11
1034,847,12
968,20,3
1026,830,18
1140,825,7
989,838,9
1089,852,14
1066,842,13
1127,832,5
1036,817,11
1123,847,17
979,832,7
1021,846,9
1054,842,10
1073,4,8
958,13,18
992,839,19
1020,840,4
1044,844,4
1053,4,10
1033,841,17
1141,830,1
1015,815,12
1143,842,5
932,828,14
1086,855,13
929,18,20
1075,852,19
1029,847,12
963,831,17
992,154,15
1113,832,1
1019,848,12
1042,849,18
1098,855,16
1113,847,16
995,825,13
1019,20,16
1079,822,6
992,845,20
1058,830,1
1140,840,11
1111,842,3
1087,825,16
945,829,18
1022,842,9
943,829,16
1135,858,16
1118,817,13
1045,842,6
1007,822,5
982,830,19
1139,830,3
1024,1,4
1078,846,19
1095,815,7
1142,842,20
1096,815,3
1045,825,17
1116,857,17
994,1,3
943,822,3
1007,4,20
1110,822,12
1029,822,20
1078,1,6
1037,832,20
1010,848,14
1024,830,3
940,20,3
1134,858,17
1028,9,19
962,8,4
972,20,2
1042,815,7
1028,817,6
1075,840,13
933,3,1
1022,841,18
1018,8,9
1005,4,14
943,1,2
960,821,12
1033,847,18
1100,857,8
956,817,5
1036,848,8
931,13,15
954,18,22
938,807,7
963,839,16
1109,857,5
1075,815,4
1120,842,13
998,845,14
1045,849,14
1101,830,2
1114,848,16
999,845,19
1085,825,18
1130,1,3
1070,815,3
969,815,7
936,829,16
1000,822,5
1062,1,2
974,1,7
1028,822,1
1059,847,12
1008,815,10
1077,825,9
931,813,20
960,807,4
1020,847,11
926,13,4
929,833,17
1014,841,16
952,8,2
926,817,6
989,807,7
972,4,20
1060,849,16
938,832,11
980,8,4
1060,847,11
939,822,5
1078,822,7
1096,855,12
985,1,1
1101,840,7
1116,840,7
1093,4,7
1075,855,11
1058,815,4
1064,840,12
1003,4,7
1007,807,6
1136,857,2
1043,844,5
1066,847,10
1100,848,19
1118,857,14
1026,826,10
1102,822,13
1045,848,3
1025,9,16
1015,20,2
992,844,6
1067,853,20
1004,822,2
1123,846,3
1054,20,13
1063,1,3
1071,849,16
959,830,3
1099,848,19
1001,843,14
931,828,13
1040,849,16
1095,855,12
985,826,10
1143,846,10
938,829,15
929,826,9
1130,839,10
1030,807,12
1036,839,13
955,1,5
1073,853,20
932,807,8
1033,839,14
989,843,15
1113,858,14
1025,847,17
1111,855,18
1129,847,3
1030,154,15
952,4,19
1009,845,15
1128,1,7
1085,846,7
1134,847,20
1114,859,11
1098,822,8
1107,857,16
1015,847,15
1047,826,11
1129,807,11
972,154,19
1009,844,7
978,20,7
978,838,11
971,822,3
993,839,16
1069,832,7
1092,849,9
1066,839,14
945,807,7
1033,20,6
927,817,10
952,13,8
954,825,16
963,1,18
928,813,18
959,835,19
942,815,5
1070,20,7
1123,807,9
990,843,17
1125,4,7
959,20,5
1029,807,15
991,817,1
1073,817,12
979,838,10
943,8,19
928,828,10
1074,830,19
931,831,9
1046,849,18
980,836,20
1041,844,7
1040,830,2
984,8,5
1106,842,12
1041,848,17
1073,1,2
1088,815,5
1018,826,17
1014,8,14
982,817,2
1025,825,9
1098,846,17
1086,849,18
1133,846,2
954,154,14
1041,1,1
1065,841,13
1075,839,6
998,825,9
1060,822,2
1123,4,8
958,8,6
1001,828,10
1102,840,12
1087,832,3
1110,846,7
929,3,3
1133,840,10
961,815,8
930,807,15
961,20,3
1021,822,8
941,815,3
1012,807,20
1096,839,7
945,1,2
971,838,20
1023,154,16
1026,825,15
1099,822,18
1075,4,16
1094,840,15
965,18,9
1034,825,19
1124,807,11
928,13,5
1035,817,14
937,8,7
1000,815,14
1032,1,1
1060,841,14
929,4,11
1096,854,16
1020,807,16
1072,4,13
1136,848,9
1038,154,12
932,4,20
1078,839,8
967,1,1
1036,1,1
1033,832,9
1089,840,18
965,13,7
955,13,10
977,830,20
1098,832,4
1082,20,12
934,8,8
939,828,11
993,843,12
1027,9,18
951,8,3
1055,822,3
1076,839,7
994,843,19
1073,822,6
1034,839,6
993,844,10
1073,854,14
1071,832,6
965,825,12
1034,822,11
950,18,13
1033,822,3
957,830,2
1076,844,1
1106,825,17
1095,825,19
1079,839,7
1051,841,15
1133,857,1
1053,839,9
1019,826,9
965,826,11
1082,852,18
948,835,11
938,4,18
1123,840,6
1026,832,5
940,832,10
965,8,19
1035,840,6
950,828,16
961,807,10
939,813,12
1037,822,2
1005,838,15
1088,1,4
1034,844,3
1031,844,2
1124,846,5
1120,840,10
1132,855,18
951,13,5
1000,154,10
963,18,9
1107,1,8
1124,830,1
1029,846,8
1022,1,2
1114,807,14
1088,840,10
1088,817,17
985,13,9
930,8,5
1116,839,18
1067,1,5
1083,4,5
1085,854,15
1000,1,1
1051,849,19
1021,817,14
1010,840,9
1069,853,17
1027,1,1
952,826,10
954,807,8
1122,847,6
949,154,5
948,807,7
1109,807,14
1112,846,8
1034,832,13
1008,838,14
1140,1,4
962,1,3
1110,839,8
1074,846,15
989,20,1
929,20,5
1100,839,14
969,838,13
1133,817,12
1113,830,5
990,1,3
938,815,6
1036,8,14
1087,854,17
945,830,16
1018,1,5
1117,4,18
1091,822,11
1140,857,8
1122,825,12
1099,4,3
1098,856,14
1128,807,19
1074,840,12
926,815,10
1055,854,18
1024,822,5
1018,825,19
963,817,1
939,1,18
1077,848,11
1007,815,18
948,825,12
1110,858,17
1006,830,2
1078,20,17
973,839,5
1135,844,3
1105,815,4
1056,839,9
1028,842,16
1107,858,13
988,830,5
1092,854,17
1081,4,7
1059,840,10
1024,846,7
964,822,10
928,20,3
970,815,9
1070,852,20
955,830,8
1094,822,10
1102,842,8
1069,822,6
1115,1,19
1067,844,4
995,154,12
984,839,6
978,825,12
945,831,15
961,8,4
1081,832,20
944,13,20
975,807,8
1072,849,12
1071,815,4
994,838,14
978,840,16
1081,844,19
952,822,5
1137,839,15
1099,852,11
996,840,17
1124,1,9
1004,815,10
1101,807,17
989,825,17
1031,847,15
1004,838,16
1121,842,18
989,815,11
1011,154,20
989,844,13
1134,848,12
1135,852,17
1096,847,5
1077,839,14
930,1,2
985,843,13
967,835,19
1019,840,13
1038,842,1
1066,854,20
1124,855,18
1032,815,6
932,831,16
984,1,1
973,825,14
973,826,9
968,8,6
1114,830,1
1003,838,12
987,154,15
953,831,17
1143,815,17
1046,851,16
1026,9,17
1052,20,15
1084,840,13
1024,815,19
996,20,5
971,828,15
968,154,11
951,832,12
1057,844,4
1011,830,4
1120,822,19
1126,846,1
1116,832,3
960,830,11
934,817,15
1091,4,18
928,1,1
1021,830,2
963,815,6
930,815,13
1037,154,15
987,817,6
1077,847,4
1137,861,8
1121,852,14
1108,4,7
1099,847,4
1088,847,2
1018,832,8
984,840,16
993,817,5
937,813,19
1102,857,19
954,1,1
1011,1,1
953,822,12
1113,859,9
1019,815,17
996,807,9
1002,154,20
1046,826,7
1131,839,12
1093,849,17
1030,841,16
1004,1,1
987,839,18
1065,846,2
1073,832,3
1080,840,14
997,843,17
1037,841,18
1116,855,13
1010,9,17
986,843,18
1004,20,3
1098,815,2
1116,847,5
1079,830,1
1057,839,20
974,826,14
1088,4,6
1085,830,1
1062,822,16
964,839,21
1066,4,6
938,3,17
964,1,3
988,832,19
1130,817,15
984,807,17
1120,832,18
1118,4,3
1053,817,6
1080,830,3
987,807,10
980,807,6
1034,8,17
980,817,3
1061,853,17
985,815,8
1093,844,3
1111,825,16
1001,840,13
1077,4,19
1080,855,16
1085,849,17
1135,857,4
1127,847,7
1088,830,1
971,817,5
933,807,6
996,154,11
969,807,11
1106,855,16
1071,822,3
963,835,10
1017,154,20
1056,846,3
940,154,7
929,830,18
1132,840,7
1055,20,13
948,8,18
1118,847,15
1038,822,5
1085,20,11
1136,840,19
948,837,19
995,8,6
1115,830,1
1022,20,4
957,154,20
1032,826,10
991,154,17
1018,844,2
970,835,13
1122,860,7
1040,817,5
1043,832,7
1004,839,9
1106,830,1
927,828,19
1123,839,16
1066,840,11
1117,846,5
1034,817,4
1119,847,8
975,830,18
1005,828,12
983,817,3
1071,842,7
1038,20,20
1079,846,8
1056,20,5
1021,825,13
1107,832,6
961,18,12
1051,846,9
1084,817,9
1138,846,1
963,154,21
1108,822,12
1106,839,8
949,836,13
1088,846,7
1002,817,17
1009,825,10
1112,858,13
968,815,8
1095,839,8
958,836,19
931,829,17
949,832,18
1084,4,10
1008,20,6
1081,855,18
1063,841,13
1142,840,15
930,831,12
1075,817,17
1124,844,4
1031,846,3
965,3,2
1059,842,7
1099,1,5
1101,842,14
1008,843,11
926,8,12
1053,832,5
941,813,7
1139,807,8
980,154,7
986,838,12
999,1,1
1116,848,9
1137,1,9
1137,847,3
1108,825,19
1067,854,19
1130,855,13
1005,839,9
1052,832,8
1067,20,18
1121,815,2
1011,842,8
969,841,12
1111,846,7
1037,842,8
971,832,16
953,18,9
1042,832,6
1016,844,3
943,20,18
1072,854,20
1085,839,8
954,8,6
994,830,9
977,826,16
1051,847,17
1137,832,18
1137,807,11
1051,20,10
1096,822,15
1094,848,12
1120,858,16
1144,862,15
1016,20,2
1058,852,10
1016,817,6
1030,832,10
944,832,19
1139,1,20
1099,832,6
992,825,13
1008,845,16
955,4,19
1046,847,9
1054,8,20
1057,20,2
1040,844,6
1078,855,20
988,839,8
1128,822,13
1083,848,20
974,18,18
1015,807,13
1034,830,2
977,13,9
1086,852,19
981,807,13
1128,857,2
1100,825,17
1069,817,5
1139,852,14
976,807,17
1109,844,7
1010,832,20
933,832,16
1088,832,8
1135,855,20
1076,842,9
1072,853,18
957,8,5
1000,843,11
962,839,18
987,828,13
1100,840,4
971,840,17
1098,842,9
952,3,22
1117,807,13
956,18,6
984,830,2
1119,857,10
982,8,20
1073,844,10
954,822,3
959,832,14
1121,825,12
1010,844,5
977,807,13
1023,840,12
1125,840,15
984,4,11
1072,847,19
1137,817,13
931,4,19
1111,1,6
964,154,11
1134,4,8
1025,841,15
981,822,2
1117,858,16
1017,817,11
968,839,13
932,3,2
960,835,15
1132,832,5
1135,4,10
983,839,10
959,825,16
945,18,12
940,4,11
1066,817,4
1080,844,4
1074,854,11
1076,852,15
928,817,9
1105,1,2
1135,842,9
976,838,12
970,826,17
965,807,22
987,825,20
983,838,7
926,831,5
1118,807,12
1083,849,12
1006,817,16
1087,4,5
1042,848,12
1083,832,1
1064,830,1
1055,8,12
1083,840,11
980,4,18
968,18,20
961,839,18
1012,847,16
1044,842,13
1104,848,14
1061,854,18
1045,830,2
1036,849,18
984,154,9
1095,1,2
956,20,21
1122,807,10
1120,855,17
928,832,13
969,4,14
1026,1,3
1070,822,15
1018,20,4
968,831,16
1105,840,6
982,826,16
985,832,7
1056,822,19
1022,826,7
975,825,12
1066,830,2
948,826,22
1059,853,20
1045,839,9
927,1,2
961,835,21
927,4,18
1078,4,11
1139,846,4
1074,849,16
954,828,15
1053,854,16
973,1,1
1019,822,2
1021,815,11
955,822,6
1051,832,7
1012,842,6
1142,832,3
1086,840,11
1094,839,8
939,830,8
1107,4,5
1089,825,16
966,828,11
997,828,10
1057,830,18
933,18,17
1119,842,11
1081,839,10
1011,8,7
1076,815,2
1100,844,20
959,8,6
1067,852,14
1021,847,16
994,842,7
956,837,16
1142,830,5
1014,840,19
1017,825,17
1030,20,5
932,154,10
1102,807,15
1099,839,8
1144,807,8
1027,815,7
1079,849,16
976,817,1
1042,1,1
936,822,13
983,8,20
976,154,13
962,832,14
1132,807,6
958,822,9
936,817,3
942,830,4
1059,846,5
1134,822,15
1138,825,19
980,1,1
1138,822,16
1034,842,7
1058,832,6
1144,825,16
980,832,10
1057,846,5
1037,848,6
989,817,4
1094,847,4
926,825,17
1113,844,4
1087,830,1
987,840,16
955,835,15
1113,815,8
960,831,17
1130,832,6
1084,825,8
1132,825,12
1002,830,5
974,807,20
1077,852,7
1043,20,12
1118,830,1
967,3,2
1100,855,9
938,817,8
1030,825,14
1100,856,15
1016,846,20
1055,817,6
956,822,9
1105,846,17
1040,847,18
1031,815,6
1011,840,14
1071,854,18
979,4,6
1106,848,7
952,817,4
974,840,15
951,831,16
1067,4,16
1140,815,17
959,837,20
1135,848,14
987,838,19
984,20,19
997,1,16
1130,858,20
1003,832,8
967,8,20
992,1,1
948,821,20
1073,839,9
1007,1,4
934,20,3
1012,844,5
974,828,17
1123,817,12
1093,854,15
1074,855,10
1122,855,18
1141,855,15
970,838,18
1022,830,20
1079,815,2
1021,832,5
1037,1,1
931,3,1
1001,8,17
1059,849,18
1091,846,4
1096,849,19
939,18,16
1130,844,5
931,8,6
999,154,6
999,830,4
1009,154,9
957,13,11
959,18,8
1011,807,17
1091,825,12
1032,822,2
1036,844,20
949,817,4
984,836,15
1039,825,16
1074,847,4
1011,844,3
1089,839,11
1137,822,16
1029,9,16
1084,1,3
986,20,4
1086,839,9
951,815,9
1120,815,4
1042,822,2
993,4,8
1078,847,5
1029,815,9
971,20,1
1116,815,4
1141,832,16
959,3,4
1046,8,14
1135,830,2
1016,842,8
940,822,5
1008,839,15
1101,852,10
998,828,18
1036,154,19
1025,807,10
1057,815,1
1017,844,3
959,831,21
1144,840,14
1046,848,6
1060,853,19
1139,857,5
1024,847,20
1079,825,17
953,1,1
1019,842,4
1013,847,15
1076,840,12
1092,848,20
933,815,9
1003,154,15
1026,842,7
995,844,10
1053,815,11
1142,4,11
1081,847,3
1051,817,12
960,825,18
1016,8,15
1105,830,1
1056,817,12
1102,856,18
936,18,9
984,825,8
1095,854,13
958,815,11
1036,826,12
1071,840,20
1113,1,3
1023,842,11
1082,840,10
936,807,20
1118,846,2
1077,842,12
1129,839,10
1043,846,8
941,154,17
965,831,15
949,3,1
932,20,5
1094,854,16
937,815,5
1109,848,11
968,832,18
1041,826,15
998,844,19
1013,807,14
1011,9,16
1070,853,18
1012,815,8
1141,822,13
984,838,14
1010,1,2
1107,822,15
1052,839,13
1138,832,7
1014,846,20
969,825,15
1006,828,10
1040,826,8
959,13,22
926,3,2
1035,830,1
962,831,13
1142,825,12
1080,825,20
1118,855,17
1008,4,17
1091,817,5
1106,847,19
1106,856,18
1127,848,20
1113,846,2
991,815,12
1140,832,1
1055,842,10
1003,1,1
1019,847,14
983,836,17
1122,857,4
1098,1,5
1141,842,3
1008,832,12
1121,844,4
1106,815,6
1128,825,20
1026,817,19
960,836,22
961,836,20
989,842,18
1143,825,9
1096,825,17
1121,4,9
942,829,20
960,4,7
998,843,20
1000,844,20
963,830,2
1105,844,11
991,8,3
1015,817,9
975,828,13
1064,849,16
1135,807,11
992,4,7
1038,844,18
1098,4,3
1028,825,18
1003,807,10
1010,20,4
1142,847,1
1142,822,18
1115,822,8
1065,9,14
1084,844,1
1006,4,18
1067,839,10
1062,852,6
1088,849,18
1098,807,15
1013,20,3
979,817,20
1094,815,3
1010,817,19
1014,9,18
956,836,10
1071,20,11
970,817,4
1001,815,5
937,822,9
970,154,11
953,837,15
978,815,9
1126,830,2
1065,849,11
1005,842,11
1070,840,14
1067,8,12
967,831,9
1116,842,6
1053,20,15
1086,815,5
937,154,3
1085,852,20
1040,832,19
1112,815,2
948,18,14
1001,817,16
1065,853,16
1028,846,7
1058,4,9
929,154,7
1128,830,6
1030,830,2
953,4,5
948,1,2
1133,825,15
980,815,17
970,841,19
943,4,20
977,832,17
990,815,16
1123,830,19
1100,4,3
976,13,16
1026,20,2
934,13,4
1002,1,1
1126,832,5
1061,849,14
1107,844,2
978,822,2
1084,855,14
1131,830,5
1006,807,6
1024,9,16
1088,854,13
927,18,17
1134,852,16
966,3,2
1059,8,17
1000,830,19
995,817,4
1061,841,13
1072,817,5
1029,830,1
939,3,4
1030,1,1
1045,846,4
958,817,3
1052,854,16
1075,825,9
960,815,5
1128,817,12
1111,847,17
1092,844,3
1003,844,9
990,838,8
1021,154,20
1081,20,6
1067,847,15
936,13,12
1017,8,7
975,4,16
1069,846,8
1029,1,7
1059,854,19
981,20,3
952,18,9
1076,846,5
1139,855,19
1102,1,6
986,839,5
1052,847,14
1046,20,12
965,839,18
1011,846,6
932,817,13
1076,832,20
1089,854,12
1106,832,5
952,830,1
1085,848,13
1122,839,13
970,1,1
